{
  "DingtianRelay8616I1": {
    "class": "org.openhab.core.items.ManagedItemProvider$PersistedItem",
    "value": {
      "groupNames": [],
      "itemType": "Switch",
      "tags": [
        "Point"
      ],
      "label": "DingtianRelay8616-I01",
      "category": ""
    }
  },
  "DingtianRelay8616I2": {
    "class": "org.openhab.core.items.ManagedItemProvider$PersistedItem",
    "value": {
      "groupNames": [],
      "itemType": "Switch",
      "tags": [
        "Point"
      ],
      "label": "DingtianRelay8616-I02",
      "category": ""
    }
  },
  "DingtianRelay8616I3": {
    "class": "org.openhab.core.items.ManagedItemProvider$PersistedItem",
    "value": {
      "groupNames": [],
      "itemType": "Switch",
      "tags": [
        "Point"
      ],
      "label": "DingtianRelay8616-I03",
      "category": ""
    }
  },
  "DingtianRelay8616I4": {
    "class": "org.openhab.core.items.ManagedItemProvider$PersistedItem",
    "value": {
      "groupNames": [],
      "itemType": "Switch",
      "tags": [
        "Point"
      ],
      "label": "DingtianRelay8616-I04",
      "category": ""
    }
  },
  "DingtianRelay8616I5": {
    "class": "org.openhab.core.items.ManagedItemProvider$PersistedItem",
    "value": {
      "groupNames": [],
      "itemType": "Switch",
      "tags": [
        "Point"
      ],
      "label": "DingtianRelay8616-I05",
      "category": ""
    }
  },
  "DingtianRelay8616I6": {
    "class": "org.openhab.core.items.ManagedItemProvider$PersistedItem",
    "value": {
      "groupNames": [],
      "itemType": "Switch",
      "tags": [
        "Point"
      ],
      "label": "DingtianRelay8616-I06",
      "category": ""
    }
  },
  "DingtianRelay8616I7": {
    "class": "org.openhab.core.items.ManagedItemProvider$PersistedItem",
    "value": {
      "groupNames": [],
      "itemType": "Switch",
      "tags": [
        "Point"
      ],
      "label": "DingtianRelay8616-I07",
      "category": ""
    }
  },
  "DingtianRelay8616I8": {
    "class": "org.openhab.core.items.ManagedItemProvider$PersistedItem",
    "value": {
      "groupNames": [],
      "itemType": "Switch",
      "tags": [
        "Point"
      ],
      "label": "DingtianRelay8616-I08",
      "category": ""
    }
  },
  "DingtianRelay8616I9": {
    "class": "org.openhab.core.items.ManagedItemProvider$PersistedItem",
    "value": {
      "groupNames": [],
      "itemType": "Switch",
      "tags": [
        "Point"
      ],
      "label": "DingtianRelay8616-I09",
      "category": ""
    }
  },
  "DingtianRelay8616I10": {
    "class": "org.openhab.core.items.ManagedItemProvider$PersistedItem",
    "value": {
      "groupNames": [],
      "itemType": "Switch",
      "tags": [
        "Point"
      ],
      "label": "DingtianRelay8616-I10",
      "category": ""
    }
  },
  "DingtianRelay8616I11": {
    "class": "org.openhab.core.items.ManagedItemProvider$PersistedItem",
    "value": {
      "groupNames": [],
      "itemType": "Switch",
      "tags": [
        "Point"
      ],
      "label": "DingtianRelay8616-I11",
      "category": ""
    }
  },
  "DingtianRelay8616I12": {
    "class": "org.openhab.core.items.ManagedItemProvider$PersistedItem",
    "value": {
      "groupNames": [],
      "itemType": "Switch",
      "tags": [
        "Point"
      ],
      "label": "DingtianRelay8616-I12",
      "category": ""
    }
  },
  "DingtianRelay8616I13": {
    "class": "org.openhab.core.items.ManagedItemProvider$PersistedItem",
    "value": {
      "groupNames": [],
      "itemType": "Switch",
      "tags": [
        "Point"
      ],
      "label": "DingtianRelay8616-I13",
      "category": ""
    }
  },
  "DingtianRelay8616I14": {
    "class": "org.openhab.core.items.ManagedItemProvider$PersistedItem",
    "value": {
      "groupNames": [],
      "itemType": "Switch",
      "tags": [
        "Point"
      ],
      "label": "DingtianRelay8616-I14",
      "category": ""
    }
  },
  "DingtianRelay8616I15": {
    "class": "org.openhab.core.items.ManagedItemProvider$PersistedItem",
    "value": {
      "groupNames": [],
      "itemType": "Switch",
      "tags": [
        "Point"
      ],
      "label": "DingtianRelay8616-I15",
      "category": ""
    }
  },
  "DingtianRelay8616I16": {
    "class": "org.openhab.core.items.ManagedItemProvider$PersistedItem",
    "value": {
      "groupNames": [],
      "itemType": "Switch",
      "tags": [
        "Point"
      ],
      "label": "DingtianRelay8616-I16",
      "category": ""
    }
  },
  "DingtianRelay8616I17": {
    "class": "org.openhab.core.items.ManagedItemProvider$PersistedItem",
    "value": {
      "groupNames": [],
      "itemType": "Switch",
      "tags": [
        "Point"
      ],
      "label": "DingtianRelay8616-I17",
      "category": ""
    }
  },
  "DingtianRelay8616I18": {
    "class": "org.openhab.core.items.ManagedItemProvider$PersistedItem",
    "value": {
      "groupNames": [],
      "itemType": "Switch",
      "tags": [
        "Point"
      ],
      "label": "DingtianRelay8616-I18",
      "category": ""
    }
  },
  "DingtianRelay8616I19": {
    "class": "org.openhab.core.items.ManagedItemProvider$PersistedItem",
    "value": {
      "groupNames": [],
      "itemType": "Switch",
      "tags": [
        "Point"
      ],
      "label": "DingtianRelay8616-I19",
      "category": ""
    }
  },
  "DingtianRelay8616I20": {
    "class": "org.openhab.core.items.ManagedItemProvider$PersistedItem",
    "value": {
      "groupNames": [],
      "itemType": "Switch",
      "tags": [
        "Point"
      ],
      "label": "DingtianRelay8616-I20",
      "category": ""
    }
  },
  "DingtianRelay8616I21": {
    "class": "org.openhab.core.items.ManagedItemProvider$PersistedItem",
    "value": {
      "groupNames": [],
      "itemType": "Switch",
      "tags": [
        "Point"
      ],
      "label": "DingtianRelay8616-I21",
      "category": ""
    }
  },
  "DingtianRelay8616I22": {
    "class": "org.openhab.core.items.ManagedItemProvider$PersistedItem",
    "value": {
      "groupNames": [],
      "itemType": "Switch",
      "tags": [
        "Point"
      ],
      "label": "DingtianRelay8616-I22",
      "category": ""
    }
  },
  "DingtianRelay8616I23": {
    "class": "org.openhab.core.items.ManagedItemProvider$PersistedItem",
    "value": {
      "groupNames": [],
      "itemType": "Switch",
      "tags": [
        "Point"
      ],
      "label": "DingtianRelay8616-I23",
      "category": ""
    }
  },
  "DingtianRelay8616I24": {
    "class": "org.openhab.core.items.ManagedItemProvider$PersistedItem",
    "value": {
      "groupNames": [],
      "itemType": "Switch",
      "tags": [
        "Point"
      ],
      "label": "DingtianRelay8616-I24",
      "category": ""
    }
  },
  "DingtianRelay8616I25": {
    "class": "org.openhab.core.items.ManagedItemProvider$PersistedItem",
    "value": {
      "groupNames": [],
      "itemType": "Switch",
      "tags": [
        "Point"
      ],
      "label": "DingtianRelay8616-I25",
      "category": ""
    }
  },
  "DingtianRelay8616I26": {
    "class": "org.openhab.core.items.ManagedItemProvider$PersistedItem",
    "value": {
      "groupNames": [],
      "itemType": "Switch",
      "tags": [
        "Point"
      ],
      "label": "DingtianRelay8616-I26",
      "category": ""
    }
  },
  "DingtianRelay8616I27": {
    "class": "org.openhab.core.items.ManagedItemProvider$PersistedItem",
    "value": {
      "groupNames": [],
      "itemType": "Switch",
      "tags": [
        "Point"
      ],
      "label": "DingtianRelay8616-I27",
      "category": ""
    }
  },
  "DingtianRelay8616I28": {
    "class": "org.openhab.core.items.ManagedItemProvider$PersistedItem",
    "value": {
      "groupNames": [],
      "itemType": "Switch",
      "tags": [
        "Point"
      ],
      "label": "DingtianRelay8616-I28",
      "category": ""
    }
  },
  "DingtianRelay8616I29": {
    "class": "org.openhab.core.items.ManagedItemProvider$PersistedItem",
    "value": {
      "groupNames": [],
      "itemType": "Switch",
      "tags": [
        "Point"
      ],
      "label": "DingtianRelay8616-I29",
      "category": ""
    }
  },
  "DingtianRelay8616I30": {
    "class": "org.openhab.core.items.ManagedItemProvider$PersistedItem",
    "value": {
      "groupNames": [],
      "itemType": "Switch",
      "tags": [
        "Point"
      ],
      "label": "DingtianRelay8616-I30",
      "category": ""
    }
  },
  "DingtianRelay8616I31": {
    "class": "org.openhab.core.items.ManagedItemProvider$PersistedItem",
    "value": {
      "groupNames": [],
      "itemType": "Switch",
      "tags": [
        "Point"
      ],
      "label": "DingtianRelay8616-I31",
      "category": ""
    }
  },
  "DingtianRelay8616I32": {
    "class": "org.openhab.core.items.ManagedItemProvider$PersistedItem",
    "value": {
      "groupNames": [],
      "itemType": "Switch",
      "tags": [
        "Point"
      ],
      "label": "DingtianRelay8616-I32",
      "category": ""
    }
  },
  "DingtianRelay8616R1": {
    "class": "org.openhab.core.items.ManagedItemProvider$PersistedItem",
    "value": {
      "groupNames": [],
      "itemType": "Switch",
      "tags": [
        "Point"
      ],
      "label": "DingtianRelay8616-R01",
      "category": ""
    }
  },
  "DingtianRelay8616R2": {
    "class": "org.openhab.core.items.ManagedItemProvider$PersistedItem",
    "value": {
      "groupNames": [],
      "itemType": "Switch",
      "tags": [
        "Point"
      ],
      "label": "DingtianRelay8616-R02",
      "category": ""
    }
  },
  "DingtianRelay8616R3": {
    "class": "org.openhab.core.items.ManagedItemProvider$PersistedItem",
    "value": {
      "groupNames": [],
      "itemType": "Switch",
      "tags": [
        "Point"
      ],
      "label": "DingtianRelay8616-R03",
      "category": ""
    }
  },
  "DingtianRelay8616R4": {
    "class": "org.openhab.core.items.ManagedItemProvider$PersistedItem",
    "value": {
      "groupNames": [],
      "itemType": "Switch",
      "tags": [
        "Point"
      ],
      "label": "DingtianRelay8616-R04",
      "category": ""
    }
  },
  "DingtianRelay8616R5": {
    "class": "org.openhab.core.items.ManagedItemProvider$PersistedItem",
    "value": {
      "groupNames": [],
      "itemType": "Switch",
      "tags": [
        "Point"
      ],
      "label": "DingtianRelay8616-R05",
      "category": ""
    }
  },
  "DingtianRelay8616R6": {
    "class": "org.openhab.core.items.ManagedItemProvider$PersistedItem",
    "value": {
      "groupNames": [],
      "itemType": "Switch",
      "tags": [
        "Point"
      ],
      "label": "DingtianRelay8616-R06",
      "category": ""
    }
  },
  "DingtianRelay8616R7": {
    "class": "org.openhab.core.items.ManagedItemProvider$PersistedItem",
    "value": {
      "groupNames": [],
      "itemType": "Switch",
      "tags": [
        "Point"
      ],
      "label": "DingtianRelay8616-R07",
      "category": ""
    }
  },
  "DingtianRelay8616R8": {
    "class": "org.openhab.core.items.ManagedItemProvider$PersistedItem",
    "value": {
      "groupNames": [],
      "itemType": "Switch",
      "tags": [
        "Point"
      ],
      "label": "DingtianRelay8616-R08",
      "category": ""
    }
  },
  "DingtianRelay8616R9": {
    "class": "org.openhab.core.items.ManagedItemProvider$PersistedItem",
    "value": {
      "groupNames": [],
      "itemType": "Switch",
      "tags": [
        "Point"
      ],
      "label": "DingtianRelay8616-R09",
      "category": ""
    }
  },
  "DingtianRelay8616R10": {
    "class": "org.openhab.core.items.ManagedItemProvider$PersistedItem",
    "value": {
      "groupNames": [],
      "itemType": "Switch",
      "tags": [
        "Point"
      ],
      "label": "DingtianRelay8616-R10",
      "category": ""
    }
  },
  "DingtianRelay8616R11": {
    "class": "org.openhab.core.items.ManagedItemProvider$PersistedItem",
    "value": {
      "groupNames": [],
      "itemType": "Switch",
      "tags": [
        "Point"
      ],
      "label": "DingtianRelay8616-R11",
      "category": ""
    }
  },
  "DingtianRelay8616R12": {
    "class": "org.openhab.core.items.ManagedItemProvider$PersistedItem",
    "value": {
      "groupNames": [],
      "itemType": "Switch",
      "tags": [
        "Point"
      ],
      "label": "DingtianRelay8616-R12",
      "category": ""
    }
  },
  "DingtianRelay8616R13": {
    "class": "org.openhab.core.items.ManagedItemProvider$PersistedItem",
    "value": {
      "groupNames": [],
      "itemType": "Switch",
      "tags": [
        "Point"
      ],
      "label": "DingtianRelay8616-R13",
      "category": ""
    }
  },
  "DingtianRelay8616R14": {
    "class": "org.openhab.core.items.ManagedItemProvider$PersistedItem",
    "value": {
      "groupNames": [],
      "itemType": "Switch",
      "tags": [
        "Point"
      ],
      "label": "DingtianRelay8616-R14",
      "category": ""
    }
  },
  "DingtianRelay8616R15": {
    "class": "org.openhab.core.items.ManagedItemProvider$PersistedItem",
    "value": {
      "groupNames": [],
      "itemType": "Switch",
      "tags": [
        "Point"
      ],
      "label": "DingtianRelay8616-R15",
      "category": ""
    }
  },
  "DingtianRelay8616R16": {
    "class": "org.openhab.core.items.ManagedItemProvider$PersistedItem",
    "value": {
      "groupNames": [],
      "itemType": "Switch",
      "tags": [
        "Point"
      ],
      "label": "DingtianRelay8616-R16",
      "category": ""
    }
  },
  "DingtianRelay8616R17": {
    "class": "org.openhab.core.items.ManagedItemProvider$PersistedItem",
    "value": {
      "groupNames": [],
      "itemType": "Switch",
      "tags": [
        "Point"
      ],
      "label": "DingtianRelay8616-R17",
      "category": ""
    }
  },
  "DingtianRelay8616R18": {
    "class": "org.openhab.core.items.ManagedItemProvider$PersistedItem",
    "value": {
      "groupNames": [],
      "itemType": "Switch",
      "tags": [
        "Point"
      ],
      "label": "DingtianRelay8616-R18",
      "category": ""
    }
  },
  "DingtianRelay8616R19": {
    "class": "org.openhab.core.items.ManagedItemProvider$PersistedItem",
    "value": {
      "groupNames": [],
      "itemType": "Switch",
      "tags": [
        "Point"
      ],
      "label": "DingtianRelay8616-R19",
      "category": ""
    }
  },
  "DingtianRelay8616R20": {
    "class": "org.openhab.core.items.ManagedItemProvider$PersistedItem",
    "value": {
      "groupNames": [],
      "itemType": "Switch",
      "tags": [
        "Point"
      ],
      "label": "DingtianRelay8616-R20",
      "category": ""
    }
  },
  "DingtianRelay8616R21": {
    "class": "org.openhab.core.items.ManagedItemProvider$PersistedItem",
    "value": {
      "groupNames": [],
      "itemType": "Switch",
      "tags": [
        "Point"
      ],
      "label": "DingtianRelay8616-R21",
      "category": ""
    }
  },
  "DingtianRelay8616R22": {
    "class": "org.openhab.core.items.ManagedItemProvider$PersistedItem",
    "value": {
      "groupNames": [],
      "itemType": "Switch",
      "tags": [
        "Point"
      ],
      "label": "DingtianRelay8616-R22",
      "category": ""
    }
  },
  "DingtianRelay8616R23": {
    "class": "org.openhab.core.items.ManagedItemProvider$PersistedItem",
    "value": {
      "groupNames": [],
      "itemType": "Switch",
      "tags": [
        "Point"
      ],
      "label": "DingtianRelay8616-R23",
      "category": ""
    }
  },
  "DingtianRelay8616R24": {
    "class": "org.openhab.core.items.ManagedItemProvider$PersistedItem",
    "value": {
      "groupNames": [],
      "itemType": "Switch",
      "tags": [
        "Point"
      ],
      "label": "DingtianRelay8616-R24",
      "category": ""
    }
  },
  "DingtianRelay8616R25": {
    "class": "org.openhab.core.items.ManagedItemProvider$PersistedItem",
    "value": {
      "groupNames": [],
      "itemType": "Switch",
      "tags": [
        "Point"
      ],
      "label": "DingtianRelay8616-R25",
      "category": ""
    }
  },
  "DingtianRelay8616R26": {
    "class": "org.openhab.core.items.ManagedItemProvider$PersistedItem",
    "value": {
      "groupNames": [],
      "itemType": "Switch",
      "tags": [
        "Point"
      ],
      "label": "DingtianRelay8616-R26",
      "category": ""
    }
  },
  "DingtianRelay8616R27": {
    "class": "org.openhab.core.items.ManagedItemProvider$PersistedItem",
    "value": {
      "groupNames": [],
      "itemType": "Switch",
      "tags": [
        "Point"
      ],
      "label": "DingtianRelay8616-R27",
      "category": ""
    }
  },
  "DingtianRelay8616R28": {
    "class": "org.openhab.core.items.ManagedItemProvider$PersistedItem",
    "value": {
      "groupNames": [],
      "itemType": "Switch",
      "tags": [
        "Point"
      ],
      "label": "DingtianRelay8616-R28",
      "category": ""
    }
  },
  "DingtianRelay8616R29": {
    "class": "org.openhab.core.items.ManagedItemProvider$PersistedItem",
    "value": {
      "groupNames": [],
      "itemType": "Switch",
      "tags": [
        "Point"
      ],
      "label": "DingtianRelay8616-R29",
      "category": ""
    }
  },
  "DingtianRelay8616R30": {
    "class": "org.openhab.core.items.ManagedItemProvider$PersistedItem",
    "value": {
      "groupNames": [],
      "itemType": "Switch",
      "tags": [
        "Point"
      ],
      "label": "DingtianRelay8616-R30",
      "category": ""
    }
  },
  "DingtianRelay8616R31": {
    "class": "org.openhab.core.items.ManagedItemProvider$PersistedItem",
    "value": {
      "groupNames": [],
      "itemType": "Switch",
      "tags": [
        "Point"
      ],
      "label": "DingtianRelay8616-R31",
      "category": ""
    }
  },
  "DingtianRelay8616R32": {
    "class": "org.openhab.core.items.ManagedItemProvider$PersistedItem",
    "value": {
      "groupNames": [],
      "itemType": "Switch",
      "tags": [
        "Point"
      ],
      "label": "DingtianRelay8616-R32",
      "category": ""
    }
  },
  "DingtianRelay8598I1": {
    "class": "org.openhab.core.items.ManagedItemProvider$PersistedItem",
    "value": {
      "groupNames": [],
      "itemType": "Switch",
      "tags": [
        "Point"
      ],
      "label": "DingtianRelay8598-I01",
      "category": ""
    }
  },
  "DingtianRelay8598I2": {
    "class": "org.openhab.core.items.ManagedItemProvider$PersistedItem",
    "value": {
      "groupNames": [],
      "itemType": "Switch",
      "tags": [
        "Point"
      ],
      "label": "DingtianRelay8598-I02",
      "category": ""
    }
  },
  "DingtianRelay8598I3": {
    "class": "org.openhab.core.items.ManagedItemProvider$PersistedItem",
    "value": {
      "groupNames": [],
      "itemType": "Switch",
      "tags": [
        "Point"
      ],
      "label": "DingtianRelay8598-I03",
      "category": ""
    }
  },
  "DingtianRelay8598I4": {
    "class": "org.openhab.core.items.ManagedItemProvider$PersistedItem",
    "value": {
      "groupNames": [],
      "itemType": "Switch",
      "tags": [
        "Point"
      ],
      "label": "DingtianRelay8598-I04",
      "category": ""
    }
  },
  "DingtianRelay8598I5": {
    "class": "org.openhab.core.items.ManagedItemProvider$PersistedItem",
    "value": {
      "groupNames": [],
      "itemType": "Switch",
      "tags": [
        "Point"
      ],
      "label": "DingtianRelay8598-I05",
      "category": ""
    }
  },
  "DingtianRelay8598I6": {
    "class": "org.openhab.core.items.ManagedItemProvider$PersistedItem",
    "value": {
      "groupNames": [],
      "itemType": "Switch",
      "tags": [
        "Point"
      ],
      "label": "DingtianRelay8598-I06",
      "category": ""
    }
  },
  "DingtianRelay8598I7": {
    "class": "org.openhab.core.items.ManagedItemProvider$PersistedItem",
    "value": {
      "groupNames": [],
      "itemType": "Switch",
      "tags": [
        "Point"
      ],
      "label": "DingtianRelay8598-I07",
      "category": ""
    }
  },
  "DingtianRelay8598I8": {
    "class": "org.openhab.core.items.ManagedItemProvider$PersistedItem",
    "value": {
      "groupNames": [],
      "itemType": "Switch",
      "tags": [
        "Point"
      ],
      "label": "DingtianRelay8598-I08",
      "category": ""
    }
  },
  "DingtianRelay8598I9": {
    "class": "org.openhab.core.items.ManagedItemProvider$PersistedItem",
    "value": {
      "groupNames": [],
      "itemType": "Switch",
      "tags": [
        "Point"
      ],
      "label": "DingtianRelay8598-I09",
      "category": ""
    }
  },
  "DingtianRelay8598I10": {
    "class": "org.openhab.core.items.ManagedItemProvider$PersistedItem",
    "value": {
      "groupNames": [],
      "itemType": "Switch",
      "tags": [
        "Point"
      ],
      "label": "DingtianRelay8598-I10",
      "category": ""
    }
  },
  "DingtianRelay8598I11": {
    "class": "org.openhab.core.items.ManagedItemProvider$PersistedItem",
    "value": {
      "groupNames": [],
      "itemType": "Switch",
      "tags": [
        "Point"
      ],
      "label": "DingtianRelay8598-I11",
      "category": ""
    }
  },
  "DingtianRelay8598I12": {
    "class": "org.openhab.core.items.ManagedItemProvider$PersistedItem",
    "value": {
      "groupNames": [],
      "itemType": "Switch",
      "tags": [
        "Point"
      ],
      "label": "DingtianRelay8598-I12",
      "category": ""
    }
  },
  "DingtianRelay8598I13": {
    "class": "org.openhab.core.items.ManagedItemProvider$PersistedItem",
    "value": {
      "groupNames": [],
      "itemType": "Switch",
      "tags": [
        "Point"
      ],
      "label": "DingtianRelay8598-I13",
      "category": ""
    }
  },
  "DingtianRelay8598I14": {
    "class": "org.openhab.core.items.ManagedItemProvider$PersistedItem",
    "value": {
      "groupNames": [],
      "itemType": "Switch",
      "tags": [
        "Point"
      ],
      "label": "DingtianRelay8598-I14",
      "category": ""
    }
  },
  "DingtianRelay8598I15": {
    "class": "org.openhab.core.items.ManagedItemProvider$PersistedItem",
    "value": {
      "groupNames": [],
      "itemType": "Switch",
      "tags": [
        "Point"
      ],
      "label": "DingtianRelay8598-I15",
      "category": ""
    }
  },
  "DingtianRelay8598I16": {
    "class": "org.openhab.core.items.ManagedItemProvider$PersistedItem",
    "value": {
      "groupNames": [],
      "itemType": "Switch",
      "tags": [
        "Point"
      ],
      "label": "DingtianRelay8598-I16",
      "category": ""
    }
  },
  "DingtianRelay8598I17": {
    "class": "org.openhab.core.items.ManagedItemProvider$PersistedItem",
    "value": {
      "groupNames": [],
      "itemType": "Switch",
      "tags": [
        "Point"
      ],
      "label": "DingtianRelay8598-I17",
      "category": ""
    }
  },
  "DingtianRelay8598I18": {
    "class": "org.openhab.core.items.ManagedItemProvider$PersistedItem",
    "value": {
      "groupNames": [],
      "itemType": "Switch",
      "tags": [
        "Point"
      ],
      "label": "DingtianRelay8598-I18",
      "category": ""
    }
  },
  "DingtianRelay8598I19": {
    "class": "org.openhab.core.items.ManagedItemProvider$PersistedItem",
    "value": {
      "groupNames": [],
      "itemType": "Switch",
      "tags": [
        "Point"
      ],
      "label": "DingtianRelay8598-I19",
      "category": ""
    }
  },
  "DingtianRelay8598I20": {
    "class": "org.openhab.core.items.ManagedItemProvider$PersistedItem",
    "value": {
      "groupNames": [],
      "itemType": "Switch",
      "tags": [
        "Point"
      ],
      "label": "DingtianRelay8598-I20",
      "category": ""
    }
  },
  "DingtianRelay8598I21": {
    "class": "org.openhab.core.items.ManagedItemProvider$PersistedItem",
    "value": {
      "groupNames": [],
      "itemType": "Switch",
      "tags": [
        "Point"
      ],
      "label": "DingtianRelay8598-I21",
      "category": ""
    }
  },
  "DingtianRelay8598I22": {
    "class": "org.openhab.core.items.ManagedItemProvider$PersistedItem",
    "value": {
      "groupNames": [],
      "itemType": "Switch",
      "tags": [
        "Point"
      ],
      "label": "DingtianRelay8598-I22",
      "category": ""
    }
  },
  "DingtianRelay8598I23": {
    "class": "org.openhab.core.items.ManagedItemProvider$PersistedItem",
    "value": {
      "groupNames": [],
      "itemType": "Switch",
      "tags": [
        "Point"
      ],
      "label": "DingtianRelay8598-I23",
      "category": ""
    }
  },
  "DingtianRelay8598I24": {
    "class": "org.openhab.core.items.ManagedItemProvider$PersistedItem",
    "value": {
      "groupNames": [],
      "itemType": "Switch",
      "tags": [
        "Point"
      ],
      "label": "DingtianRelay8598-I24",
      "category": ""
    }
  },
  "DingtianRelay8598I25": {
    "class": "org.openhab.core.items.ManagedItemProvider$PersistedItem",
    "value": {
      "groupNames": [],
      "itemType": "Switch",
      "tags": [
        "Point"
      ],
      "label": "DingtianRelay8598-I25",
      "category": ""
    }
  },
  "DingtianRelay8598I26": {
    "class": "org.openhab.core.items.ManagedItemProvider$PersistedItem",
    "value": {
      "groupNames": [],
      "itemType": "Switch",
      "tags": [
        "Point"
      ],
      "label": "DingtianRelay8598-I26",
      "category": ""
    }
  },
  "DingtianRelay8598I27": {
    "class": "org.openhab.core.items.ManagedItemProvider$PersistedItem",
    "value": {
      "groupNames": [],
      "itemType": "Switch",
      "tags": [
        "Point"
      ],
      "label": "DingtianRelay8598-I27",
      "category": ""
    }
  },
  "DingtianRelay8598I28": {
    "class": "org.openhab.core.items.ManagedItemProvider$PersistedItem",
    "value": {
      "groupNames": [],
      "itemType": "Switch",
      "tags": [
        "Point"
      ],
      "label": "DingtianRelay8598-I28",
      "category": ""
    }
  },
  "DingtianRelay8598I29": {
    "class": "org.openhab.core.items.ManagedItemProvider$PersistedItem",
    "value": {
      "groupNames": [],
      "itemType": "Switch",
      "tags": [
        "Point"
      ],
      "label": "DingtianRelay8598-I29",
      "category": ""
    }
  },
  "DingtianRelay8598I30": {
    "class": "org.openhab.core.items.ManagedItemProvider$PersistedItem",
    "value": {
      "groupNames": [],
      "itemType": "Switch",
      "tags": [
        "Point"
      ],
      "label": "DingtianRelay8598-I30",
      "category": ""
    }
  },
  "DingtianRelay8598I31": {
    "class": "org.openhab.core.items.ManagedItemProvider$PersistedItem",
    "value": {
      "groupNames": [],
      "itemType": "Switch",
      "tags": [
        "Point"
      ],
      "label": "DingtianRelay8598-I31",
      "category": ""
    }
  },
  "DingtianRelay8598I32": {
    "class": "org.openhab.core.items.ManagedItemProvider$PersistedItem",
    "value": {
      "groupNames": [],
      "itemType": "Switch",
      "tags": [
        "Point"
      ],
      "label": "DingtianRelay8598-I32",
      "category": ""
    }
  },
  "DingtianRelay8598R1": {
    "class": "org.openhab.core.items.ManagedItemProvider$PersistedItem",
    "value": {
      "groupNames": [],
      "itemType": "Switch",
      "tags": [
        "Point"
      ],
      "label": "DingtianRelay8598-R01",
      "category": ""
    }
  },
  "DingtianRelay8598R2": {
    "class": "org.openhab.core.items.ManagedItemProvider$PersistedItem",
    "value": {
      "groupNames": [],
      "itemType": "Switch",
      "tags": [
        "Point"
      ],
      "label": "DingtianRelay8598-R02",
      "category": ""
    }
  },
  "DingtianRelay8598R3": {
    "class": "org.openhab.core.items.ManagedItemProvider$PersistedItem",
    "value": {
      "groupNames": [],
      "itemType": "Switch",
      "tags": [
        "Point"
      ],
      "label": "DingtianRelay8598-R03",
      "category": ""
    }
  },
  "DingtianRelay8598R4": {
    "class": "org.openhab.core.items.ManagedItemProvider$PersistedItem",
    "value": {
      "groupNames": [],
      "itemType": "Switch",
      "tags": [
        "Point"
      ],
      "label": "DingtianRelay8598-R04",
      "category": ""
    }
  },
  "DingtianRelay8598R5": {
    "class": "org.openhab.core.items.ManagedItemProvider$PersistedItem",
    "value": {
      "groupNames": [],
      "itemType": "Switch",
      "tags": [
        "Point"
      ],
      "label": "DingtianRelay8598-R05",
      "category": ""
    }
  },
  "DingtianRelay8598R6": {
    "class": "org.openhab.core.items.ManagedItemProvider$PersistedItem",
    "value": {
      "groupNames": [],
      "itemType": "Switch",
      "tags": [
        "Point"
      ],
      "label": "DingtianRelay8598-R06",
      "category": ""
    }
  },
  "DingtianRelay8598R7": {
    "class": "org.openhab.core.items.ManagedItemProvider$PersistedItem",
    "value": {
      "groupNames": [],
      "itemType": "Switch",
      "tags": [
        "Point"
      ],
      "label": "DingtianRelay8598-R07",
      "category": ""
    }
  },
  "DingtianRelay8598R8": {
    "class": "org.openhab.core.items.ManagedItemProvider$PersistedItem",
    "value": {
      "groupNames": [],
      "itemType": "Switch",
      "tags": [
        "Point"
      ],
      "label": "DingtianRelay8598-R08",
      "category": ""
    }
  },
  "DingtianRelay8598R9": {
    "class": "org.openhab.core.items.ManagedItemProvider$PersistedItem",
    "value": {
      "groupNames": [],
      "itemType": "Switch",
      "tags": [
        "Point"
      ],
      "label": "DingtianRelay8598-R09",
      "category": ""
    }
  },
  "DingtianRelay8598R10": {
    "class": "org.openhab.core.items.ManagedItemProvider$PersistedItem",
    "value": {
      "groupNames": [],
      "itemType": "Switch",
      "tags": [
        "Point"
      ],
      "label": "DingtianRelay8598-R10",
      "category": ""
    }
  },
  "DingtianRelay8598R11": {
    "class": "org.openhab.core.items.ManagedItemProvider$PersistedItem",
    "value": {
      "groupNames": [],
      "itemType": "Switch",
      "tags": [
        "Point"
      ],
      "label": "DingtianRelay8598-R11",
      "category": ""
    }
  },
  "DingtianRelay8598R12": {
    "class": "org.openhab.core.items.ManagedItemProvider$PersistedItem",
    "value": {
      "groupNames": [],
      "itemType": "Switch",
      "tags": [
        "Point"
      ],
      "label": "DingtianRelay8598-R12",
      "category": ""
    }
  },
  "DingtianRelay8598R13": {
    "class": "org.openhab.core.items.ManagedItemProvider$PersistedItem",
    "value": {
      "groupNames": [],
      "itemType": "Switch",
      "tags": [
        "Point"
      ],
      "label": "DingtianRelay8598-R13",
      "category": ""
    }
  },
  "DingtianRelay8598R14": {
    "class": "org.openhab.core.items.ManagedItemProvider$PersistedItem",
    "value": {
      "groupNames": [],
      "itemType": "Switch",
      "tags": [
        "Point"
      ],
      "label": "DingtianRelay8598-R14",
      "category": ""
    }
  },
  "DingtianRelay8598R15": {
    "class": "org.openhab.core.items.ManagedItemProvider$PersistedItem",
    "value": {
      "groupNames": [],
      "itemType": "Switch",
      "tags": [
        "Point"
      ],
      "label": "DingtianRelay8598-R15",
      "category": ""
    }
  },
  "DingtianRelay8598R16": {
    "class": "org.openhab.core.items.ManagedItemProvider$PersistedItem",
    "value": {
      "groupNames": [],
      "itemType": "Switch",
      "tags": [
        "Point"
      ],
      "label": "DingtianRelay8598-R16",
      "category": ""
    }
  },
  "DingtianRelay8598R17": {
    "class": "org.openhab.core.items.ManagedItemProvider$PersistedItem",
    "value": {
      "groupNames": [],
      "itemType": "Switch",
      "tags": [
        "Point"
      ],
      "label": "DingtianRelay8598-R17",
      "category": ""
    }
  },
  "DingtianRelay8598R18": {
    "class": "org.openhab.core.items.ManagedItemProvider$PersistedItem",
    "value": {
      "groupNames": [],
      "itemType": "Switch",
      "tags": [
        "Point"
      ],
      "label": "DingtianRelay8598-R18",
      "category": ""
    }
  },
  "DingtianRelay8598R19": {
    "class": "org.openhab.core.items.ManagedItemProvider$PersistedItem",
    "value": {
      "groupNames": [],
      "itemType": "Switch",
      "tags": [
        "Point"
      ],
      "label": "DingtianRelay8598-R19",
      "category": ""
    }
  },
  "DingtianRelay8598R20": {
    "class": "org.openhab.core.items.ManagedItemProvider$PersistedItem",
    "value": {
      "groupNames": [],
      "itemType": "Switch",
      "tags": [
        "Point"
      ],
      "label": "DingtianRelay8598-R20",
      "category": ""
    }
  },
  "DingtianRelay8598R21": {
    "class": "org.openhab.core.items.ManagedItemProvider$PersistedItem",
    "value": {
      "groupNames": [],
      "itemType": "Switch",
      "tags": [
        "Point"
      ],
      "label": "DingtianRelay8598-R21",
      "category": ""
    }
  },
  "DingtianRelay8598R22": {
    "class": "org.openhab.core.items.ManagedItemProvider$PersistedItem",
    "value": {
      "groupNames": [],
      "itemType": "Switch",
      "tags": [
        "Point"
      ],
      "label": "DingtianRelay8598-R22",
      "category": ""
    }
  },
  "DingtianRelay8598R23": {
    "class": "org.openhab.core.items.ManagedItemProvider$PersistedItem",
    "value": {
      "groupNames": [],
      "itemType": "Switch",
      "tags": [
        "Point"
      ],
      "label": "DingtianRelay8598-R23",
      "category": ""
    }
  },
  "DingtianRelay8598R24": {
    "class": "org.openhab.core.items.ManagedItemProvider$PersistedItem",
    "value": {
      "groupNames": [],
      "itemType": "Switch",
      "tags": [
        "Point"
      ],
      "label": "DingtianRelay8598-R24",
      "category": ""
    }
  },
  "DingtianRelay8598R25": {
    "class": "org.openhab.core.items.ManagedItemProvider$PersistedItem",
    "value": {
      "groupNames": [],
      "itemType": "Switch",
      "tags": [
        "Point"
      ],
      "label": "DingtianRelay8598-R25",
      "category": ""
    }
  },
  "DingtianRelay8598R26": {
    "class": "org.openhab.core.items.ManagedItemProvider$PersistedItem",
    "value": {
      "groupNames": [],
      "itemType": "Switch",
      "tags": [
        "Point"
      ],
      "label": "DingtianRelay8598-R26",
      "category": ""
    }
  },
  "DingtianRelay8598R27": {
    "class": "org.openhab.core.items.ManagedItemProvider$PersistedItem",
    "value": {
      "groupNames": [],
      "itemType": "Switch",
      "tags": [
        "Point"
      ],
      "label": "DingtianRelay8598-R27",
      "category": ""
    }
  },
  "DingtianRelay8598R28": {
    "class": "org.openhab.core.items.ManagedItemProvider$PersistedItem",
    "value": {
      "groupNames": [],
      "itemType": "Switch",
      "tags": [
        "Point"
      ],
      "label": "DingtianRelay8598-R28",
      "category": ""
    }
  },
  "DingtianRelay8598R29": {
    "class": "org.openhab.core.items.ManagedItemProvider$PersistedItem",
    "value": {
      "groupNames": [],
      "itemType": "Switch",
      "tags": [
        "Point"
      ],
      "label": "DingtianRelay8598-R29",
      "category": ""
    }
  },
  "DingtianRelay8598R30": {
    "class": "org.openhab.core.items.ManagedItemProvider$PersistedItem",
    "value": {
      "groupNames": [],
      "itemType": "Switch",
      "tags": [
        "Point"
      ],
      "label": "DingtianRelay8598-R30",
      "category": ""
    }
  },
  "DingtianRelay8598R31": {
    "class": "org.openhab.core.items.ManagedItemProvider$PersistedItem",
    "value": {
      "groupNames": [],
      "itemType": "Switch",
      "tags": [
        "Point"
      ],
      "label": "DingtianRelay8598-R31",
      "category": ""
    }
  },
  "DingtianRelay8598R32": {
    "class": "org.openhab.core.items.ManagedItemProvider$PersistedItem",
    "value": {
      "groupNames": [],
      "itemType": "Switch",
      "tags": [
        "Point"
      ],
      "label": "DingtianRelay8598-R32",
      "category": ""
    }
  },
  "DingtianRelay8596I1": {
    "class": "org.openhab.core.items.ManagedItemProvider$PersistedItem",
    "value": {
      "groupNames": [],
      "itemType": "Switch",
      "tags": [
        "Point"
      ],
      "label": "DingtianRelay8596-I01",
      "category": ""
    }
  },
  "DingtianRelay8596I2": {
    "class": "org.openhab.core.items.ManagedItemProvider$PersistedItem",
    "value": {
      "groupNames": [],
      "itemType": "Switch",
      "tags": [
        "Point"
      ],
      "label": "DingtianRelay8596-I02",
      "category": ""
    }
  },
  "DingtianRelay8596I3": {
    "class": "org.openhab.core.items.ManagedItemProvider$PersistedItem",
    "value": {
      "groupNames": [],
      "itemType": "Switch",
      "tags": [
        "Point"
      ],
      "label": "DingtianRelay8596-I03",
      "category": ""
    }
  },
  "DingtianRelay8596I4": {
    "class": "org.openhab.core.items.ManagedItemProvider$PersistedItem",
    "value": {
      "groupNames": [],
      "itemType": "Switch",
      "tags": [
        "Point"
      ],
      "label": "DingtianRelay8596-I04",
      "category": ""
    }
  },
  "DingtianRelay8596I5": {
    "class": "org.openhab.core.items.ManagedItemProvider$PersistedItem",
    "value": {
      "groupNames": [],
      "itemType": "Switch",
      "tags": [
        "Point"
      ],
      "label": "DingtianRelay8596-I05",
      "category": ""
    }
  },
  "DingtianRelay8596I6": {
    "class": "org.openhab.core.items.ManagedItemProvider$PersistedItem",
    "value": {
      "groupNames": [],
      "itemType": "Switch",
      "tags": [
        "Point"
      ],
      "label": "DingtianRelay8596-I06",
      "category": ""
    }
  },
  "DingtianRelay8596I7": {
    "class": "org.openhab.core.items.ManagedItemProvider$PersistedItem",
    "value": {
      "groupNames": [],
      "itemType": "Switch",
      "tags": [
        "Point"
      ],
      "label": "DingtianRelay8596-I07",
      "category": ""
    }
  },
  "DingtianRelay8596I8": {
    "class": "org.openhab.core.items.ManagedItemProvider$PersistedItem",
    "value": {
      "groupNames": [],
      "itemType": "Switch",
      "tags": [
        "Point"
      ],
      "label": "DingtianRelay8596-I08",
      "category": ""
    }
  },
  "DingtianRelay8596I9": {
    "class": "org.openhab.core.items.ManagedItemProvider$PersistedItem",
    "value": {
      "groupNames": [],
      "itemType": "Switch",
      "tags": [
        "Point"
      ],
      "label": "DingtianRelay8596-I09",
      "category": ""
    }
  },
  "DingtianRelay8596I10": {
    "class": "org.openhab.core.items.ManagedItemProvider$PersistedItem",
    "value": {
      "groupNames": [],
      "itemType": "Switch",
      "tags": [
        "Point"
      ],
      "label": "DingtianRelay8596-I10",
      "category": ""
    }
  },
  "DingtianRelay8596I11": {
    "class": "org.openhab.core.items.ManagedItemProvider$PersistedItem",
    "value": {
      "groupNames": [],
      "itemType": "Switch",
      "tags": [
        "Point"
      ],
      "label": "DingtianRelay8596-I11",
      "category": ""
    }
  },
  "DingtianRelay8596I12": {
    "class": "org.openhab.core.items.ManagedItemProvider$PersistedItem",
    "value": {
      "groupNames": [],
      "itemType": "Switch",
      "tags": [
        "Point"
      ],
      "label": "DingtianRelay8596-I12",
      "category": ""
    }
  },
  "DingtianRelay8596I13": {
    "class": "org.openhab.core.items.ManagedItemProvider$PersistedItem",
    "value": {
      "groupNames": [],
      "itemType": "Switch",
      "tags": [
        "Point"
      ],
      "label": "DingtianRelay8596-I13",
      "category": ""
    }
  },
  "DingtianRelay8596I14": {
    "class": "org.openhab.core.items.ManagedItemProvider$PersistedItem",
    "value": {
      "groupNames": [],
      "itemType": "Switch",
      "tags": [
        "Point"
      ],
      "label": "DingtianRelay8596-I14",
      "category": ""
    }
  },
  "DingtianRelay8596I15": {
    "class": "org.openhab.core.items.ManagedItemProvider$PersistedItem",
    "value": {
      "groupNames": [],
      "itemType": "Switch",
      "tags": [
        "Point"
      ],
      "label": "DingtianRelay8596-I15",
      "category": ""
    }
  },
  "DingtianRelay8596I16": {
    "class": "org.openhab.core.items.ManagedItemProvider$PersistedItem",
    "value": {
      "groupNames": [],
      "itemType": "Switch",
      "tags": [
        "Point"
      ],
      "label": "DingtianRelay8596-I16",
      "category": ""
    }
  },
  "DingtianRelay8596I17": {
    "class": "org.openhab.core.items.ManagedItemProvider$PersistedItem",
    "value": {
      "groupNames": [],
      "itemType": "Switch",
      "tags": [
        "Point"
      ],
      "label": "DingtianRelay8596-I17",
      "category": ""
    }
  },
  "DingtianRelay8596I18": {
    "class": "org.openhab.core.items.ManagedItemProvider$PersistedItem",
    "value": {
      "groupNames": [],
      "itemType": "Switch",
      "tags": [
        "Point"
      ],
      "label": "DingtianRelay8596-I18",
      "category": ""
    }
  },
  "DingtianRelay8596I19": {
    "class": "org.openhab.core.items.ManagedItemProvider$PersistedItem",
    "value": {
      "groupNames": [],
      "itemType": "Switch",
      "tags": [
        "Point"
      ],
      "label": "DingtianRelay8596-I19",
      "category": ""
    }
  },
  "DingtianRelay8596I20": {
    "class": "org.openhab.core.items.ManagedItemProvider$PersistedItem",
    "value": {
      "groupNames": [],
      "itemType": "Switch",
      "tags": [
        "Point"
      ],
      "label": "DingtianRelay8596-I20",
      "category": ""
    }
  },
  "DingtianRelay8596I21": {
    "class": "org.openhab.core.items.ManagedItemProvider$PersistedItem",
    "value": {
      "groupNames": [],
      "itemType": "Switch",
      "tags": [
        "Point"
      ],
      "label": "DingtianRelay8596-I21",
      "category": ""
    }
  },
  "DingtianRelay8596I22": {
    "class": "org.openhab.core.items.ManagedItemProvider$PersistedItem",
    "value": {
      "groupNames": [],
      "itemType": "Switch",
      "tags": [
        "Point"
      ],
      "label": "DingtianRelay8596-I22",
      "category": ""
    }
  },
  "DingtianRelay8596I23": {
    "class": "org.openhab.core.items.ManagedItemProvider$PersistedItem",
    "value": {
      "groupNames": [],
      "itemType": "Switch",
      "tags": [
        "Point"
      ],
      "label": "DingtianRelay8596-I23",
      "category": ""
    }
  },
  "DingtianRelay8596I24": {
    "class": "org.openhab.core.items.ManagedItemProvider$PersistedItem",
    "value": {
      "groupNames": [],
      "itemType": "Switch",
      "tags": [
        "Point"
      ],
      "label": "DingtianRelay8596-I24",
      "category": ""
    }
  },
  "DingtianRelay8596I25": {
    "class": "org.openhab.core.items.ManagedItemProvider$PersistedItem",
    "value": {
      "groupNames": [],
      "itemType": "Switch",
      "tags": [
        "Point"
      ],
      "label": "DingtianRelay8596-I25",
      "category": ""
    }
  },
  "DingtianRelay8596I26": {
    "class": "org.openhab.core.items.ManagedItemProvider$PersistedItem",
    "value": {
      "groupNames": [],
      "itemType": "Switch",
      "tags": [
        "Point"
      ],
      "label": "DingtianRelay8596-I26",
      "category": ""
    }
  },
  "DingtianRelay8596I27": {
    "class": "org.openhab.core.items.ManagedItemProvider$PersistedItem",
    "value": {
      "groupNames": [],
      "itemType": "Switch",
      "tags": [
        "Point"
      ],
      "label": "DingtianRelay8596-I27",
      "category": ""
    }
  },
  "DingtianRelay8596I28": {
    "class": "org.openhab.core.items.ManagedItemProvider$PersistedItem",
    "value": {
      "groupNames": [],
      "itemType": "Switch",
      "tags": [
        "Point"
      ],
      "label": "DingtianRelay8596-I28",
      "category": ""
    }
  },
  "DingtianRelay8596I29": {
    "class": "org.openhab.core.items.ManagedItemProvider$PersistedItem",
    "value": {
      "groupNames": [],
      "itemType": "Switch",
      "tags": [
        "Point"
      ],
      "label": "DingtianRelay8596-I29",
      "category": ""
    }
  },
  "DingtianRelay8596I30": {
    "class": "org.openhab.core.items.ManagedItemProvider$PersistedItem",
    "value": {
      "groupNames": [],
      "itemType": "Switch",
      "tags": [
        "Point"
      ],
      "label": "DingtianRelay8596-I30",
      "category": ""
    }
  },
  "DingtianRelay8596I31": {
    "class": "org.openhab.core.items.ManagedItemProvider$PersistedItem",
    "value": {
      "groupNames": [],
      "itemType": "Switch",
      "tags": [
        "Point"
      ],
      "label": "DingtianRelay8596-I31",
      "category": ""
    }
  },
  "DingtianRelay8596I32": {
    "class": "org.openhab.core.items.ManagedItemProvider$PersistedItem",
    "value": {
      "groupNames": [],
      "itemType": "Switch",
      "tags": [
        "Point"
      ],
      "label": "DingtianRelay8596-I32",
      "category": ""
    }
  },
  "DingtianRelay8596R1": {
    "class": "org.openhab.core.items.ManagedItemProvider$PersistedItem",
    "value": {
      "groupNames": [],
      "itemType": "Switch",
      "tags": [
        "Point"
      ],
      "label": "DingtianRelay8596-R01",
      "category": ""
    }
  },
  "DingtianRelay8596R2": {
    "class": "org.openhab.core.items.ManagedItemProvider$PersistedItem",
    "value": {
      "groupNames": [],
      "itemType": "Switch",
      "tags": [
        "Point"
      ],
      "label": "DingtianRelay8596-R02",
      "category": ""
    }
  },
  "DingtianRelay8596R3": {
    "class": "org.openhab.core.items.ManagedItemProvider$PersistedItem",
    "value": {
      "groupNames": [],
      "itemType": "Switch",
      "tags": [
        "Point"
      ],
      "label": "DingtianRelay8596-R03",
      "category": ""
    }
  },
  "DingtianRelay8596R4": {
    "class": "org.openhab.core.items.ManagedItemProvider$PersistedItem",
    "value": {
      "groupNames": [],
      "itemType": "Switch",
      "tags": [
        "Point"
      ],
      "label": "DingtianRelay8596-R04",
      "category": ""
    }
  },
  "DingtianRelay8596R5": {
    "class": "org.openhab.core.items.ManagedItemProvider$PersistedItem",
    "value": {
      "groupNames": [],
      "itemType": "Switch",
      "tags": [
        "Point"
      ],
      "label": "DingtianRelay8596-R05",
      "category": ""
    }
  },
  "DingtianRelay8596R6": {
    "class": "org.openhab.core.items.ManagedItemProvider$PersistedItem",
    "value": {
      "groupNames": [],
      "itemType": "Switch",
      "tags": [
        "Point"
      ],
      "label": "DingtianRelay8596-R06",
      "category": ""
    }
  },
  "DingtianRelay8596R7": {
    "class": "org.openhab.core.items.ManagedItemProvider$PersistedItem",
    "value": {
      "groupNames": [],
      "itemType": "Switch",
      "tags": [
        "Point"
      ],
      "label": "DingtianRelay8596-R07",
      "category": ""
    }
  },
  "DingtianRelay8596R8": {
    "class": "org.openhab.core.items.ManagedItemProvider$PersistedItem",
    "value": {
      "groupNames": [],
      "itemType": "Switch",
      "tags": [
        "Point"
      ],
      "label": "DingtianRelay8596-R08",
      "category": ""
    }
  },
  "DingtianRelay8596R9": {
    "class": "org.openhab.core.items.ManagedItemProvider$PersistedItem",
    "value": {
      "groupNames": [],
      "itemType": "Switch",
      "tags": [
        "Point"
      ],
      "label": "DingtianRelay8596-R09",
      "category": ""
    }
  },
  "DingtianRelay8596R10": {
    "class": "org.openhab.core.items.ManagedItemProvider$PersistedItem",
    "value": {
      "groupNames": [],
      "itemType": "Switch",
      "tags": [
        "Point"
      ],
      "label": "DingtianRelay8596-R10",
      "category": ""
    }
  },
  "DingtianRelay8596R11": {
    "class": "org.openhab.core.items.ManagedItemProvider$PersistedItem",
    "value": {
      "groupNames": [],
      "itemType": "Switch",
      "tags": [
        "Point"
      ],
      "label": "DingtianRelay8596-R11",
      "category": ""
    }
  },
  "DingtianRelay8596R12": {
    "class": "org.openhab.core.items.ManagedItemProvider$PersistedItem",
    "value": {
      "groupNames": [],
      "itemType": "Switch",
      "tags": [
        "Point"
      ],
      "label": "DingtianRelay8596-R12",
      "category": ""
    }
  },
  "DingtianRelay8596R13": {
    "class": "org.openhab.core.items.ManagedItemProvider$PersistedItem",
    "value": {
      "groupNames": [],
      "itemType": "Switch",
      "tags": [
        "Point"
      ],
      "label": "DingtianRelay8596-R13",
      "category": ""
    }
  },
  "DingtianRelay8596R14": {
    "class": "org.openhab.core.items.ManagedItemProvider$PersistedItem",
    "value": {
      "groupNames": [],
      "itemType": "Switch",
      "tags": [
        "Point"
      ],
      "label": "DingtianRelay8596-R14",
      "category": ""
    }
  },
  "DingtianRelay8596R15": {
    "class": "org.openhab.core.items.ManagedItemProvider$PersistedItem",
    "value": {
      "groupNames": [],
      "itemType": "Switch",
      "tags": [
        "Point"
      ],
      "label": "DingtianRelay8596-R15",
      "category": ""
    }
  },
  "DingtianRelay8596R16": {
    "class": "org.openhab.core.items.ManagedItemProvider$PersistedItem",
    "value": {
      "groupNames": [],
      "itemType": "Switch",
      "tags": [
        "Point"
      ],
      "label": "DingtianRelay8596-R16",
      "category": ""
    }
  },
  "DingtianRelay8596R17": {
    "class": "org.openhab.core.items.ManagedItemProvider$PersistedItem",
    "value": {
      "groupNames": [],
      "itemType": "Switch",
      "tags": [
        "Point"
      ],
      "label": "DingtianRelay8596-R17",
      "category": ""
    }
  },
  "DingtianRelay8596R18": {
    "class": "org.openhab.core.items.ManagedItemProvider$PersistedItem",
    "value": {
      "groupNames": [],
      "itemType": "Switch",
      "tags": [
        "Point"
      ],
      "label": "DingtianRelay8596-R18",
      "category": ""
    }
  },
  "DingtianRelay8596R19": {
    "class": "org.openhab.core.items.ManagedItemProvider$PersistedItem",
    "value": {
      "groupNames": [],
      "itemType": "Switch",
      "tags": [
        "Point"
      ],
      "label": "DingtianRelay8596-R19",
      "category": ""
    }
  },
  "DingtianRelay8596R20": {
    "class": "org.openhab.core.items.ManagedItemProvider$PersistedItem",
    "value": {
      "groupNames": [],
      "itemType": "Switch",
      "tags": [
        "Point"
      ],
      "label": "DingtianRelay8596-R20",
      "category": ""
    }
  },
  "DingtianRelay8596R21": {
    "class": "org.openhab.core.items.ManagedItemProvider$PersistedItem",
    "value": {
      "groupNames": [],
      "itemType": "Switch",
      "tags": [
        "Point"
      ],
      "label": "DingtianRelay8596-R21",
      "category": ""
    }
  },
  "DingtianRelay8596R22": {
    "class": "org.openhab.core.items.ManagedItemProvider$PersistedItem",
    "value": {
      "groupNames": [],
      "itemType": "Switch",
      "tags": [
        "Point"
      ],
      "label": "DingtianRelay8596-R22",
      "category": ""
    }
  },
  "DingtianRelay8596R23": {
    "class": "org.openhab.core.items.ManagedItemProvider$PersistedItem",
    "value": {
      "groupNames": [],
      "itemType": "Switch",
      "tags": [
        "Point"
      ],
      "label": "DingtianRelay8596-R23",
      "category": ""
    }
  },
  "DingtianRelay8596R24": {
    "class": "org.openhab.core.items.ManagedItemProvider$PersistedItem",
    "value": {
      "groupNames": [],
      "itemType": "Switch",
      "tags": [
        "Point"
      ],
      "label": "DingtianRelay8596-R24",
      "category": ""
    }
  },
  "DingtianRelay8596R25": {
    "class": "org.openhab.core.items.ManagedItemProvider$PersistedItem",
    "value": {
      "groupNames": [],
      "itemType": "Switch",
      "tags": [
        "Point"
      ],
      "label": "DingtianRelay8596-R25",
      "category": ""
    }
  },
  "DingtianRelay8596R26": {
    "class": "org.openhab.core.items.ManagedItemProvider$PersistedItem",
    "value": {
      "groupNames": [],
      "itemType": "Switch",
      "tags": [
        "Point"
      ],
      "label": "DingtianRelay8596-R26",
      "category": ""
    }
  },
  "DingtianRelay8596R27": {
    "class": "org.openhab.core.items.ManagedItemProvider$PersistedItem",
    "value": {
      "groupNames": [],
      "itemType": "Switch",
      "tags": [
        "Point"
      ],
      "label": "DingtianRelay8596-R27",
      "category": ""
    }
  },
  "DingtianRelay8596R28": {
    "class": "org.openhab.core.items.ManagedItemProvider$PersistedItem",
    "value": {
      "groupNames": [],
      "itemType": "Switch",
      "tags": [
        "Point"
      ],
      "label": "DingtianRelay8596-R28",
      "category": ""
    }
  },
  "DingtianRelay8596R29": {
    "class": "org.openhab.core.items.ManagedItemProvider$PersistedItem",
    "value": {
      "groupNames": [],
      "itemType": "Switch",
      "tags": [
        "Point"
      ],
      "label": "DingtianRelay8596-R29",
      "category": ""
    }
  },
  "DingtianRelay8596R30": {
    "class": "org.openhab.core.items.ManagedItemProvider$PersistedItem",
    "value": {
      "groupNames": [],
      "itemType": "Switch",
      "tags": [
        "Point"
      ],
      "label": "DingtianRelay8596-R30",
      "category": ""
    }
  },
  "DingtianRelay8596R31": {
    "class": "org.openhab.core.items.ManagedItemProvider$PersistedItem",
    "value": {
      "groupNames": [],
      "itemType": "Switch",
      "tags": [
        "Point"
      ],
      "label": "DingtianRelay8596-R31",
      "category": ""
    }
  },
  "DingtianRelay8596R32": {
    "class": "org.openhab.core.items.ManagedItemProvider$PersistedItem",
    "value": {
      "groupNames": [],
      "itemType": "Switch",
      "tags": [
        "Point"
      ],
      "label": "DingtianRelay8596-R32",
      "category": ""
    }
  }
}