{
  "DingtianRelay8616I1 -\u003e mqtt:topic:dingtianbroker:DingtianRelay8616:I1": {
    "class": "org.openhab.core.thing.link.ItemChannelLink",
    "value": {
      "channelUID": {
        "segments": [
          "mqtt",
          "topic",
          "dingtianbroker",
          "DingtianRelay8616",
          "I1"
        ],
        "uid": "mqtt:topic:dingtianbroker:DingtianRelay8616:I1"
      },
      "configuration": {
        "properties": {}
      },
      "itemName": "DingtianRelay8616I1"
    }
  },
  "DingtianRelay8616I2 -\u003e mqtt:topic:dingtianbroker:DingtianRelay8616:I2": {
    "class": "org.openhab.core.thing.link.ItemChannelLink",
    "value": {
      "channelUID": {
        "segments": [
          "mqtt",
          "topic",
          "dingtianbroker",
          "DingtianRelay8616",
          "I2"
        ],
        "uid": "mqtt:topic:dingtianbroker:DingtianRelay8616:I2"
      },
      "configuration": {
        "properties": {}
      },
      "itemName": "DingtianRelay8616I2"
    }
  },
  "DingtianRelay8616I3 -\u003e mqtt:topic:dingtianbroker:DingtianRelay8616:I3": {
    "class": "org.openhab.core.thing.link.ItemChannelLink",
    "value": {
      "channelUID": {
        "segments": [
          "mqtt",
          "topic",
          "dingtianbroker",
          "DingtianRelay8616",
          "I3"
        ],
        "uid": "mqtt:topic:dingtianbroker:DingtianRelay8616:I3"
      },
      "configuration": {
        "properties": {}
      },
      "itemName": "DingtianRelay8616I3"
    }
  },
  "DingtianRelay8616I4 -\u003e mqtt:topic:dingtianbroker:DingtianRelay8616:I4": {
    "class": "org.openhab.core.thing.link.ItemChannelLink",
    "value": {
      "channelUID": {
        "segments": [
          "mqtt",
          "topic",
          "dingtianbroker",
          "DingtianRelay8616",
          "I4"
        ],
        "uid": "mqtt:topic:dingtianbroker:DingtianRelay8616:I4"
      },
      "configuration": {
        "properties": {}
      },
      "itemName": "DingtianRelay8616I4"
    }
  },
  "DingtianRelay8616I5 -\u003e mqtt:topic:dingtianbroker:DingtianRelay8616:I5": {
    "class": "org.openhab.core.thing.link.ItemChannelLink",
    "value": {
      "channelUID": {
        "segments": [
          "mqtt",
          "topic",
          "dingtianbroker",
          "DingtianRelay8616",
          "I5"
        ],
        "uid": "mqtt:topic:dingtianbroker:DingtianRelay8616:I5"
      },
      "configuration": {
        "properties": {}
      },
      "itemName": "DingtianRelay8616I5"
    }
  },
  "DingtianRelay8616I6 -\u003e mqtt:topic:dingtianbroker:DingtianRelay8616:I6": {
    "class": "org.openhab.core.thing.link.ItemChannelLink",
    "value": {
      "channelUID": {
        "segments": [
          "mqtt",
          "topic",
          "dingtianbroker",
          "DingtianRelay8616",
          "I6"
        ],
        "uid": "mqtt:topic:dingtianbroker:DingtianRelay8616:I6"
      },
      "configuration": {
        "properties": {}
      },
      "itemName": "DingtianRelay8616I6"
    }
  },
  "DingtianRelay8616I7 -\u003e mqtt:topic:dingtianbroker:DingtianRelay8616:I7": {
    "class": "org.openhab.core.thing.link.ItemChannelLink",
    "value": {
      "channelUID": {
        "segments": [
          "mqtt",
          "topic",
          "dingtianbroker",
          "DingtianRelay8616",
          "I7"
        ],
        "uid": "mqtt:topic:dingtianbroker:DingtianRelay8616:I7"
      },
      "configuration": {
        "properties": {}
      },
      "itemName": "DingtianRelay8616I7"
    }
  },
  "DingtianRelay8616I8 -\u003e mqtt:topic:dingtianbroker:DingtianRelay8616:I8": {
    "class": "org.openhab.core.thing.link.ItemChannelLink",
    "value": {
      "channelUID": {
        "segments": [
          "mqtt",
          "topic",
          "dingtianbroker",
          "DingtianRelay8616",
          "I8"
        ],
        "uid": "mqtt:topic:dingtianbroker:DingtianRelay8616:I8"
      },
      "configuration": {
        "properties": {}
      },
      "itemName": "DingtianRelay8616I8"
    }
  },
  "DingtianRelay8616I9 -\u003e mqtt:topic:dingtianbroker:DingtianRelay8616:I9": {
    "class": "org.openhab.core.thing.link.ItemChannelLink",
    "value": {
      "channelUID": {
        "segments": [
          "mqtt",
          "topic",
          "dingtianbroker",
          "DingtianRelay8616",
          "I9"
        ],
        "uid": "mqtt:topic:dingtianbroker:DingtianRelay8616:I9"
      },
      "configuration": {
        "properties": {}
      },
      "itemName": "DingtianRelay8616I9"
    }
  },
  "DingtianRelay8616I10 -\u003e mqtt:topic:dingtianbroker:DingtianRelay8616:I10": {
    "class": "org.openhab.core.thing.link.ItemChannelLink",
    "value": {
      "channelUID": {
        "segments": [
          "mqtt",
          "topic",
          "dingtianbroker",
          "DingtianRelay8616",
          "I10"
        ],
        "uid": "mqtt:topic:dingtianbroker:DingtianRelay8616:I10"
      },
      "configuration": {
        "properties": {}
      },
      "itemName": "DingtianRelay8616I10"
    }
  },
  "DingtianRelay8616I11 -\u003e mqtt:topic:dingtianbroker:DingtianRelay8616:I11": {
    "class": "org.openhab.core.thing.link.ItemChannelLink",
    "value": {
      "channelUID": {
        "segments": [
          "mqtt",
          "topic",
          "dingtianbroker",
          "DingtianRelay8616",
          "I11"
        ],
        "uid": "mqtt:topic:dingtianbroker:DingtianRelay8616:I11"
      },
      "configuration": {
        "properties": {}
      },
      "itemName": "DingtianRelay8616I11"
    }
  },
  "DingtianRelay8616I12 -\u003e mqtt:topic:dingtianbroker:DingtianRelay8616:I12": {
    "class": "org.openhab.core.thing.link.ItemChannelLink",
    "value": {
      "channelUID": {
        "segments": [
          "mqtt",
          "topic",
          "dingtianbroker",
          "DingtianRelay8616",
          "I12"
        ],
        "uid": "mqtt:topic:dingtianbroker:DingtianRelay8616:I12"
      },
      "configuration": {
        "properties": {}
      },
      "itemName": "DingtianRelay8616I12"
    }
  },
  "DingtianRelay8616I13 -\u003e mqtt:topic:dingtianbroker:DingtianRelay8616:I13": {
    "class": "org.openhab.core.thing.link.ItemChannelLink",
    "value": {
      "channelUID": {
        "segments": [
          "mqtt",
          "topic",
          "dingtianbroker",
          "DingtianRelay8616",
          "I13"
        ],
        "uid": "mqtt:topic:dingtianbroker:DingtianRelay8616:I13"
      },
      "configuration": {
        "properties": {}
      },
      "itemName": "DingtianRelay8616I13"
    }
  },
  "DingtianRelay8616I14 -\u003e mqtt:topic:dingtianbroker:DingtianRelay8616:I14": {
    "class": "org.openhab.core.thing.link.ItemChannelLink",
    "value": {
      "channelUID": {
        "segments": [
          "mqtt",
          "topic",
          "dingtianbroker",
          "DingtianRelay8616",
          "I14"
        ],
        "uid": "mqtt:topic:dingtianbroker:DingtianRelay8616:I14"
      },
      "configuration": {
        "properties": {}
      },
      "itemName": "DingtianRelay8616I14"
    }
  },
  "DingtianRelay8616I15 -\u003e mqtt:topic:dingtianbroker:DingtianRelay8616:I15": {
    "class": "org.openhab.core.thing.link.ItemChannelLink",
    "value": {
      "channelUID": {
        "segments": [
          "mqtt",
          "topic",
          "dingtianbroker",
          "DingtianRelay8616",
          "I15"
        ],
        "uid": "mqtt:topic:dingtianbroker:DingtianRelay8616:I15"
      },
      "configuration": {
        "properties": {}
      },
      "itemName": "DingtianRelay8616I15"
    }
  },
  "DingtianRelay8616I16 -\u003e mqtt:topic:dingtianbroker:DingtianRelay8616:I16": {
    "class": "org.openhab.core.thing.link.ItemChannelLink",
    "value": {
      "channelUID": {
        "segments": [
          "mqtt",
          "topic",
          "dingtianbroker",
          "DingtianRelay8616",
          "I16"
        ],
        "uid": "mqtt:topic:dingtianbroker:DingtianRelay8616:I16"
      },
      "configuration": {
        "properties": {}
      },
      "itemName": "DingtianRelay8616I16"
    }
  },
  "DingtianRelay8616I17 -\u003e mqtt:topic:dingtianbroker:DingtianRelay8616:I17": {
    "class": "org.openhab.core.thing.link.ItemChannelLink",
    "value": {
      "channelUID": {
        "segments": [
          "mqtt",
          "topic",
          "dingtianbroker",
          "DingtianRelay8616",
          "I17"
        ],
        "uid": "mqtt:topic:dingtianbroker:DingtianRelay8616:I17"
      },
      "configuration": {
        "properties": {}
      },
      "itemName": "DingtianRelay8616I17"
    }
  },
  "DingtianRelay8616I18 -\u003e mqtt:topic:dingtianbroker:DingtianRelay8616:I18": {
    "class": "org.openhab.core.thing.link.ItemChannelLink",
    "value": {
      "channelUID": {
        "segments": [
          "mqtt",
          "topic",
          "dingtianbroker",
          "DingtianRelay8616",
          "I18"
        ],
        "uid": "mqtt:topic:dingtianbroker:DingtianRelay8616:I18"
      },
      "configuration": {
        "properties": {}
      },
      "itemName": "DingtianRelay8616I18"
    }
  },
  "DingtianRelay8616I19 -\u003e mqtt:topic:dingtianbroker:DingtianRelay8616:I19": {
    "class": "org.openhab.core.thing.link.ItemChannelLink",
    "value": {
      "channelUID": {
        "segments": [
          "mqtt",
          "topic",
          "dingtianbroker",
          "DingtianRelay8616",
          "I19"
        ],
        "uid": "mqtt:topic:dingtianbroker:DingtianRelay8616:I19"
      },
      "configuration": {
        "properties": {}
      },
      "itemName": "DingtianRelay8616I19"
    }
  },
  "DingtianRelay8616I20 -\u003e mqtt:topic:dingtianbroker:DingtianRelay8616:I20": {
    "class": "org.openhab.core.thing.link.ItemChannelLink",
    "value": {
      "channelUID": {
        "segments": [
          "mqtt",
          "topic",
          "dingtianbroker",
          "DingtianRelay8616",
          "I20"
        ],
        "uid": "mqtt:topic:dingtianbroker:DingtianRelay8616:I20"
      },
      "configuration": {
        "properties": {}
      },
      "itemName": "DingtianRelay8616I20"
    }
  },
  "DingtianRelay8616I21 -\u003e mqtt:topic:dingtianbroker:DingtianRelay8616:I21": {
    "class": "org.openhab.core.thing.link.ItemChannelLink",
    "value": {
      "channelUID": {
        "segments": [
          "mqtt",
          "topic",
          "dingtianbroker",
          "DingtianRelay8616",
          "I21"
        ],
        "uid": "mqtt:topic:dingtianbroker:DingtianRelay8616:I21"
      },
      "configuration": {
        "properties": {}
      },
      "itemName": "DingtianRelay8616I21"
    }
  },
  "DingtianRelay8616I22 -\u003e mqtt:topic:dingtianbroker:DingtianRelay8616:I22": {
    "class": "org.openhab.core.thing.link.ItemChannelLink",
    "value": {
      "channelUID": {
        "segments": [
          "mqtt",
          "topic",
          "dingtianbroker",
          "DingtianRelay8616",
          "I22"
        ],
        "uid": "mqtt:topic:dingtianbroker:DingtianRelay8616:I22"
      },
      "configuration": {
        "properties": {}
      },
      "itemName": "DingtianRelay8616I22"
    }
  },
  "DingtianRelay8616I23 -\u003e mqtt:topic:dingtianbroker:DingtianRelay8616:I23": {
    "class": "org.openhab.core.thing.link.ItemChannelLink",
    "value": {
      "channelUID": {
        "segments": [
          "mqtt",
          "topic",
          "dingtianbroker",
          "DingtianRelay8616",
          "I23"
        ],
        "uid": "mqtt:topic:dingtianbroker:DingtianRelay8616:I23"
      },
      "configuration": {
        "properties": {}
      },
      "itemName": "DingtianRelay8616I23"
    }
  },
  "DingtianRelay8616I24 -\u003e mqtt:topic:dingtianbroker:DingtianRelay8616:I24": {
    "class": "org.openhab.core.thing.link.ItemChannelLink",
    "value": {
      "channelUID": {
        "segments": [
          "mqtt",
          "topic",
          "dingtianbroker",
          "DingtianRelay8616",
          "I24"
        ],
        "uid": "mqtt:topic:dingtianbroker:DingtianRelay8616:I24"
      },
      "configuration": {
        "properties": {}
      },
      "itemName": "DingtianRelay8616I24"
    }
  },
  "DingtianRelay8616I25 -\u003e mqtt:topic:dingtianbroker:DingtianRelay8616:I25": {
    "class": "org.openhab.core.thing.link.ItemChannelLink",
    "value": {
      "channelUID": {
        "segments": [
          "mqtt",
          "topic",
          "dingtianbroker",
          "DingtianRelay8616",
          "I25"
        ],
        "uid": "mqtt:topic:dingtianbroker:DingtianRelay8616:I25"
      },
      "configuration": {
        "properties": {}
      },
      "itemName": "DingtianRelay8616I25"
    }
  },
  "DingtianRelay8616I26 -\u003e mqtt:topic:dingtianbroker:DingtianRelay8616:I26": {
    "class": "org.openhab.core.thing.link.ItemChannelLink",
    "value": {
      "channelUID": {
        "segments": [
          "mqtt",
          "topic",
          "dingtianbroker",
          "DingtianRelay8616",
          "I26"
        ],
        "uid": "mqtt:topic:dingtianbroker:DingtianRelay8616:I26"
      },
      "configuration": {
        "properties": {}
      },
      "itemName": "DingtianRelay8616I26"
    }
  },
  "DingtianRelay8616I27 -\u003e mqtt:topic:dingtianbroker:DingtianRelay8616:I27": {
    "class": "org.openhab.core.thing.link.ItemChannelLink",
    "value": {
      "channelUID": {
        "segments": [
          "mqtt",
          "topic",
          "dingtianbroker",
          "DingtianRelay8616",
          "I27"
        ],
        "uid": "mqtt:topic:dingtianbroker:DingtianRelay8616:I27"
      },
      "configuration": {
        "properties": {}
      },
      "itemName": "DingtianRelay8616I27"
    }
  },
  "DingtianRelay8616I28 -\u003e mqtt:topic:dingtianbroker:DingtianRelay8616:I28": {
    "class": "org.openhab.core.thing.link.ItemChannelLink",
    "value": {
      "channelUID": {
        "segments": [
          "mqtt",
          "topic",
          "dingtianbroker",
          "DingtianRelay8616",
          "I28"
        ],
        "uid": "mqtt:topic:dingtianbroker:DingtianRelay8616:I28"
      },
      "configuration": {
        "properties": {}
      },
      "itemName": "DingtianRelay8616I28"
    }
  },
  "DingtianRelay8616I29 -\u003e mqtt:topic:dingtianbroker:DingtianRelay8616:I29": {
    "class": "org.openhab.core.thing.link.ItemChannelLink",
    "value": {
      "channelUID": {
        "segments": [
          "mqtt",
          "topic",
          "dingtianbroker",
          "DingtianRelay8616",
          "I29"
        ],
        "uid": "mqtt:topic:dingtianbroker:DingtianRelay8616:I29"
      },
      "configuration": {
        "properties": {}
      },
      "itemName": "DingtianRelay8616I29"
    }
  },
  "DingtianRelay8616I30 -\u003e mqtt:topic:dingtianbroker:DingtianRelay8616:I30": {
    "class": "org.openhab.core.thing.link.ItemChannelLink",
    "value": {
      "channelUID": {
        "segments": [
          "mqtt",
          "topic",
          "dingtianbroker",
          "DingtianRelay8616",
          "I30"
        ],
        "uid": "mqtt:topic:dingtianbroker:DingtianRelay8616:I30"
      },
      "configuration": {
        "properties": {}
      },
      "itemName": "DingtianRelay8616I30"
    }
  },
  "DingtianRelay8616I31 -\u003e mqtt:topic:dingtianbroker:DingtianRelay8616:I31": {
    "class": "org.openhab.core.thing.link.ItemChannelLink",
    "value": {
      "channelUID": {
        "segments": [
          "mqtt",
          "topic",
          "dingtianbroker",
          "DingtianRelay8616",
          "I31"
        ],
        "uid": "mqtt:topic:dingtianbroker:DingtianRelay8616:I31"
      },
      "configuration": {
        "properties": {}
      },
      "itemName": "DingtianRelay8616I31"
    }
  },
  "DingtianRelay8616I32 -\u003e mqtt:topic:dingtianbroker:DingtianRelay8616:I32": {
    "class": "org.openhab.core.thing.link.ItemChannelLink",
    "value": {
      "channelUID": {
        "segments": [
          "mqtt",
          "topic",
          "dingtianbroker",
          "DingtianRelay8616",
          "I32"
        ],
        "uid": "mqtt:topic:dingtianbroker:DingtianRelay8616:I32"
      },
      "configuration": {
        "properties": {}
      },
      "itemName": "DingtianRelay8616I32"
    }
  },
  "DingtianRelay8616R1 -\u003e mqtt:topic:dingtianbroker:DingtianRelay8616:R1": {
    "class": "org.openhab.core.thing.link.ItemChannelLink",
    "value": {
      "channelUID": {
        "segments": [
          "mqtt",
          "topic",
          "dingtianbroker",
          "DingtianRelay8616",
          "R1"
        ],
        "uid": "mqtt:topic:dingtianbroker:DingtianRelay8616:R1"
      },
      "configuration": {
        "properties": {}
      },
      "itemName": "DingtianRelay8616R1"
    }
  },
  "DingtianRelay8616R2 -\u003e mqtt:topic:dingtianbroker:DingtianRelay8616:R2": {
    "class": "org.openhab.core.thing.link.ItemChannelLink",
    "value": {
      "channelUID": {
        "segments": [
          "mqtt",
          "topic",
          "dingtianbroker",
          "DingtianRelay8616",
          "R2"
        ],
        "uid": "mqtt:topic:dingtianbroker:DingtianRelay8616:R2"
      },
      "configuration": {
        "properties": {}
      },
      "itemName": "DingtianRelay8616R2"
    }
  },
  "DingtianRelay8616R3 -\u003e mqtt:topic:dingtianbroker:DingtianRelay8616:R3": {
    "class": "org.openhab.core.thing.link.ItemChannelLink",
    "value": {
      "channelUID": {
        "segments": [
          "mqtt",
          "topic",
          "dingtianbroker",
          "DingtianRelay8616",
          "R3"
        ],
        "uid": "mqtt:topic:dingtianbroker:DingtianRelay8616:R3"
      },
      "configuration": {
        "properties": {}
      },
      "itemName": "DingtianRelay8616R3"
    }
  },
  "DingtianRelay8616R4 -\u003e mqtt:topic:dingtianbroker:DingtianRelay8616:R4": {
    "class": "org.openhab.core.thing.link.ItemChannelLink",
    "value": {
      "channelUID": {
        "segments": [
          "mqtt",
          "topic",
          "dingtianbroker",
          "DingtianRelay8616",
          "R4"
        ],
        "uid": "mqtt:topic:dingtianbroker:DingtianRelay8616:R4"
      },
      "configuration": {
        "properties": {}
      },
      "itemName": "DingtianRelay8616R4"
    }
  },
  "DingtianRelay8616R5 -\u003e mqtt:topic:dingtianbroker:DingtianRelay8616:R5": {
    "class": "org.openhab.core.thing.link.ItemChannelLink",
    "value": {
      "channelUID": {
        "segments": [
          "mqtt",
          "topic",
          "dingtianbroker",
          "DingtianRelay8616",
          "R5"
        ],
        "uid": "mqtt:topic:dingtianbroker:DingtianRelay8616:R5"
      },
      "configuration": {
        "properties": {}
      },
      "itemName": "DingtianRelay8616R5"
    }
  },
  "DingtianRelay8616R6 -\u003e mqtt:topic:dingtianbroker:DingtianRelay8616:R6": {
    "class": "org.openhab.core.thing.link.ItemChannelLink",
    "value": {
      "channelUID": {
        "segments": [
          "mqtt",
          "topic",
          "dingtianbroker",
          "DingtianRelay8616",
          "R6"
        ],
        "uid": "mqtt:topic:dingtianbroker:DingtianRelay8616:R6"
      },
      "configuration": {
        "properties": {}
      },
      "itemName": "DingtianRelay8616R6"
    }
  },
  "DingtianRelay8616R7 -\u003e mqtt:topic:dingtianbroker:DingtianRelay8616:R7": {
    "class": "org.openhab.core.thing.link.ItemChannelLink",
    "value": {
      "channelUID": {
        "segments": [
          "mqtt",
          "topic",
          "dingtianbroker",
          "DingtianRelay8616",
          "R7"
        ],
        "uid": "mqtt:topic:dingtianbroker:DingtianRelay8616:R7"
      },
      "configuration": {
        "properties": {}
      },
      "itemName": "DingtianRelay8616R7"
    }
  },
  "DingtianRelay8616R8 -\u003e mqtt:topic:dingtianbroker:DingtianRelay8616:R8": {
    "class": "org.openhab.core.thing.link.ItemChannelLink",
    "value": {
      "channelUID": {
        "segments": [
          "mqtt",
          "topic",
          "dingtianbroker",
          "DingtianRelay8616",
          "R8"
        ],
        "uid": "mqtt:topic:dingtianbroker:DingtianRelay8616:R8"
      },
      "configuration": {
        "properties": {}
      },
      "itemName": "DingtianRelay8616R8"
    }
  },
  "DingtianRelay8616R9 -\u003e mqtt:topic:dingtianbroker:DingtianRelay8616:R9": {
    "class": "org.openhab.core.thing.link.ItemChannelLink",
    "value": {
      "channelUID": {
        "segments": [
          "mqtt",
          "topic",
          "dingtianbroker",
          "DingtianRelay8616",
          "R9"
        ],
        "uid": "mqtt:topic:dingtianbroker:DingtianRelay8616:R9"
      },
      "configuration": {
        "properties": {}
      },
      "itemName": "DingtianRelay8616R9"
    }
  },
  "DingtianRelay8616R10 -\u003e mqtt:topic:dingtianbroker:DingtianRelay8616:R10": {
    "class": "org.openhab.core.thing.link.ItemChannelLink",
    "value": {
      "channelUID": {
        "segments": [
          "mqtt",
          "topic",
          "dingtianbroker",
          "DingtianRelay8616",
          "R10"
        ],
        "uid": "mqtt:topic:dingtianbroker:DingtianRelay8616:R10"
      },
      "configuration": {
        "properties": {}
      },
      "itemName": "DingtianRelay8616R10"
    }
  },
  "DingtianRelay8616R11 -\u003e mqtt:topic:dingtianbroker:DingtianRelay8616:R11": {
    "class": "org.openhab.core.thing.link.ItemChannelLink",
    "value": {
      "channelUID": {
        "segments": [
          "mqtt",
          "topic",
          "dingtianbroker",
          "DingtianRelay8616",
          "R11"
        ],
        "uid": "mqtt:topic:dingtianbroker:DingtianRelay8616:R11"
      },
      "configuration": {
        "properties": {}
      },
      "itemName": "DingtianRelay8616R11"
    }
  },
  "DingtianRelay8616R12 -\u003e mqtt:topic:dingtianbroker:DingtianRelay8616:R12": {
    "class": "org.openhab.core.thing.link.ItemChannelLink",
    "value": {
      "channelUID": {
        "segments": [
          "mqtt",
          "topic",
          "dingtianbroker",
          "DingtianRelay8616",
          "R12"
        ],
        "uid": "mqtt:topic:dingtianbroker:DingtianRelay8616:R12"
      },
      "configuration": {
        "properties": {}
      },
      "itemName": "DingtianRelay8616R12"
    }
  },
  "DingtianRelay8616R13 -\u003e mqtt:topic:dingtianbroker:DingtianRelay8616:R13": {
    "class": "org.openhab.core.thing.link.ItemChannelLink",
    "value": {
      "channelUID": {
        "segments": [
          "mqtt",
          "topic",
          "dingtianbroker",
          "DingtianRelay8616",
          "R13"
        ],
        "uid": "mqtt:topic:dingtianbroker:DingtianRelay8616:R13"
      },
      "configuration": {
        "properties": {}
      },
      "itemName": "DingtianRelay8616R13"
    }
  },
  "DingtianRelay8616R14 -\u003e mqtt:topic:dingtianbroker:DingtianRelay8616:R14": {
    "class": "org.openhab.core.thing.link.ItemChannelLink",
    "value": {
      "channelUID": {
        "segments": [
          "mqtt",
          "topic",
          "dingtianbroker",
          "DingtianRelay8616",
          "R14"
        ],
        "uid": "mqtt:topic:dingtianbroker:DingtianRelay8616:R14"
      },
      "configuration": {
        "properties": {}
      },
      "itemName": "DingtianRelay8616R14"
    }
  },
  "DingtianRelay8616R15 -\u003e mqtt:topic:dingtianbroker:DingtianRelay8616:R15": {
    "class": "org.openhab.core.thing.link.ItemChannelLink",
    "value": {
      "channelUID": {
        "segments": [
          "mqtt",
          "topic",
          "dingtianbroker",
          "DingtianRelay8616",
          "R15"
        ],
        "uid": "mqtt:topic:dingtianbroker:DingtianRelay8616:R15"
      },
      "configuration": {
        "properties": {}
      },
      "itemName": "DingtianRelay8616R15"
    }
  },
  "DingtianRelay8616R16 -\u003e mqtt:topic:dingtianbroker:DingtianRelay8616:R16": {
    "class": "org.openhab.core.thing.link.ItemChannelLink",
    "value": {
      "channelUID": {
        "segments": [
          "mqtt",
          "topic",
          "dingtianbroker",
          "DingtianRelay8616",
          "R16"
        ],
        "uid": "mqtt:topic:dingtianbroker:DingtianRelay8616:R16"
      },
      "configuration": {
        "properties": {}
      },
      "itemName": "DingtianRelay8616R16"
    }
  },
  "DingtianRelay8616R17 -\u003e mqtt:topic:dingtianbroker:DingtianRelay8616:R17": {
    "class": "org.openhab.core.thing.link.ItemChannelLink",
    "value": {
      "channelUID": {
        "segments": [
          "mqtt",
          "topic",
          "dingtianbroker",
          "DingtianRelay8616",
          "R17"
        ],
        "uid": "mqtt:topic:dingtianbroker:DingtianRelay8616:R17"
      },
      "configuration": {
        "properties": {}
      },
      "itemName": "DingtianRelay8616R17"
    }
  },
  "DingtianRelay8616R18 -\u003e mqtt:topic:dingtianbroker:DingtianRelay8616:R18": {
    "class": "org.openhab.core.thing.link.ItemChannelLink",
    "value": {
      "channelUID": {
        "segments": [
          "mqtt",
          "topic",
          "dingtianbroker",
          "DingtianRelay8616",
          "R18"
        ],
        "uid": "mqtt:topic:dingtianbroker:DingtianRelay8616:R18"
      },
      "configuration": {
        "properties": {}
      },
      "itemName": "DingtianRelay8616R18"
    }
  },
  "DingtianRelay8616R19 -\u003e mqtt:topic:dingtianbroker:DingtianRelay8616:R19": {
    "class": "org.openhab.core.thing.link.ItemChannelLink",
    "value": {
      "channelUID": {
        "segments": [
          "mqtt",
          "topic",
          "dingtianbroker",
          "DingtianRelay8616",
          "R19"
        ],
        "uid": "mqtt:topic:dingtianbroker:DingtianRelay8616:R19"
      },
      "configuration": {
        "properties": {}
      },
      "itemName": "DingtianRelay8616R19"
    }
  },
  "DingtianRelay8616R20 -\u003e mqtt:topic:dingtianbroker:DingtianRelay8616:R20": {
    "class": "org.openhab.core.thing.link.ItemChannelLink",
    "value": {
      "channelUID": {
        "segments": [
          "mqtt",
          "topic",
          "dingtianbroker",
          "DingtianRelay8616",
          "R20"
        ],
        "uid": "mqtt:topic:dingtianbroker:DingtianRelay8616:R20"
      },
      "configuration": {
        "properties": {}
      },
      "itemName": "DingtianRelay8616R20"
    }
  },
  "DingtianRelay8616R21 -\u003e mqtt:topic:dingtianbroker:DingtianRelay8616:R21": {
    "class": "org.openhab.core.thing.link.ItemChannelLink",
    "value": {
      "channelUID": {
        "segments": [
          "mqtt",
          "topic",
          "dingtianbroker",
          "DingtianRelay8616",
          "R21"
        ],
        "uid": "mqtt:topic:dingtianbroker:DingtianRelay8616:R21"
      },
      "configuration": {
        "properties": {}
      },
      "itemName": "DingtianRelay8616R21"
    }
  },
  "DingtianRelay8616R22 -\u003e mqtt:topic:dingtianbroker:DingtianRelay8616:R22": {
    "class": "org.openhab.core.thing.link.ItemChannelLink",
    "value": {
      "channelUID": {
        "segments": [
          "mqtt",
          "topic",
          "dingtianbroker",
          "DingtianRelay8616",
          "R22"
        ],
        "uid": "mqtt:topic:dingtianbroker:DingtianRelay8616:R22"
      },
      "configuration": {
        "properties": {}
      },
      "itemName": "DingtianRelay8616R22"
    }
  },
  "DingtianRelay8616R23 -\u003e mqtt:topic:dingtianbroker:DingtianRelay8616:R23": {
    "class": "org.openhab.core.thing.link.ItemChannelLink",
    "value": {
      "channelUID": {
        "segments": [
          "mqtt",
          "topic",
          "dingtianbroker",
          "DingtianRelay8616",
          "R23"
        ],
        "uid": "mqtt:topic:dingtianbroker:DingtianRelay8616:R23"
      },
      "configuration": {
        "properties": {}
      },
      "itemName": "DingtianRelay8616R23"
    }
  },
  "DingtianRelay8616R24 -\u003e mqtt:topic:dingtianbroker:DingtianRelay8616:R24": {
    "class": "org.openhab.core.thing.link.ItemChannelLink",
    "value": {
      "channelUID": {
        "segments": [
          "mqtt",
          "topic",
          "dingtianbroker",
          "DingtianRelay8616",
          "R24"
        ],
        "uid": "mqtt:topic:dingtianbroker:DingtianRelay8616:R24"
      },
      "configuration": {
        "properties": {}
      },
      "itemName": "DingtianRelay8616R24"
    }
  },
  "DingtianRelay8616R25 -\u003e mqtt:topic:dingtianbroker:DingtianRelay8616:R25": {
    "class": "org.openhab.core.thing.link.ItemChannelLink",
    "value": {
      "channelUID": {
        "segments": [
          "mqtt",
          "topic",
          "dingtianbroker",
          "DingtianRelay8616",
          "R25"
        ],
        "uid": "mqtt:topic:dingtianbroker:DingtianRelay8616:R25"
      },
      "configuration": {
        "properties": {}
      },
      "itemName": "DingtianRelay8616R25"
    }
  },
  "DingtianRelay8616R26 -\u003e mqtt:topic:dingtianbroker:DingtianRelay8616:R26": {
    "class": "org.openhab.core.thing.link.ItemChannelLink",
    "value": {
      "channelUID": {
        "segments": [
          "mqtt",
          "topic",
          "dingtianbroker",
          "DingtianRelay8616",
          "R26"
        ],
        "uid": "mqtt:topic:dingtianbroker:DingtianRelay8616:R26"
      },
      "configuration": {
        "properties": {}
      },
      "itemName": "DingtianRelay8616R26"
    }
  },
  "DingtianRelay8616R27 -\u003e mqtt:topic:dingtianbroker:DingtianRelay8616:R27": {
    "class": "org.openhab.core.thing.link.ItemChannelLink",
    "value": {
      "channelUID": {
        "segments": [
          "mqtt",
          "topic",
          "dingtianbroker",
          "DingtianRelay8616",
          "R27"
        ],
        "uid": "mqtt:topic:dingtianbroker:DingtianRelay8616:R27"
      },
      "configuration": {
        "properties": {}
      },
      "itemName": "DingtianRelay8616R27"
    }
  },
  "DingtianRelay8616R28 -\u003e mqtt:topic:dingtianbroker:DingtianRelay8616:R28": {
    "class": "org.openhab.core.thing.link.ItemChannelLink",
    "value": {
      "channelUID": {
        "segments": [
          "mqtt",
          "topic",
          "dingtianbroker",
          "DingtianRelay8616",
          "R28"
        ],
        "uid": "mqtt:topic:dingtianbroker:DingtianRelay8616:R28"
      },
      "configuration": {
        "properties": {}
      },
      "itemName": "DingtianRelay8616R28"
    }
  },
  "DingtianRelay8616R29 -\u003e mqtt:topic:dingtianbroker:DingtianRelay8616:R29": {
    "class": "org.openhab.core.thing.link.ItemChannelLink",
    "value": {
      "channelUID": {
        "segments": [
          "mqtt",
          "topic",
          "dingtianbroker",
          "DingtianRelay8616",
          "R29"
        ],
        "uid": "mqtt:topic:dingtianbroker:DingtianRelay8616:R29"
      },
      "configuration": {
        "properties": {}
      },
      "itemName": "DingtianRelay8616R29"
    }
  },
  "DingtianRelay8616R30 -\u003e mqtt:topic:dingtianbroker:DingtianRelay8616:R30": {
    "class": "org.openhab.core.thing.link.ItemChannelLink",
    "value": {
      "channelUID": {
        "segments": [
          "mqtt",
          "topic",
          "dingtianbroker",
          "DingtianRelay8616",
          "R30"
        ],
        "uid": "mqtt:topic:dingtianbroker:DingtianRelay8616:R30"
      },
      "configuration": {
        "properties": {}
      },
      "itemName": "DingtianRelay8616R30"
    }
  },
  "DingtianRelay8616R31 -\u003e mqtt:topic:dingtianbroker:DingtianRelay8616:R31": {
    "class": "org.openhab.core.thing.link.ItemChannelLink",
    "value": {
      "channelUID": {
        "segments": [
          "mqtt",
          "topic",
          "dingtianbroker",
          "DingtianRelay8616",
          "R31"
        ],
        "uid": "mqtt:topic:dingtianbroker:DingtianRelay8616:R31"
      },
      "configuration": {
        "properties": {}
      },
      "itemName": "DingtianRelay8616R31"
    }
  },
  "DingtianRelay8616R32 -\u003e mqtt:topic:dingtianbroker:DingtianRelay8616:R32": {
    "class": "org.openhab.core.thing.link.ItemChannelLink",
    "value": {
      "channelUID": {
        "segments": [
          "mqtt",
          "topic",
          "dingtianbroker",
          "DingtianRelay8616",
          "R32"
        ],
        "uid": "mqtt:topic:dingtianbroker:DingtianRelay8616:R32"
      },
      "configuration": {
        "properties": {}
      },
      "itemName": "DingtianRelay8616R32"
    }
  },
  "DingtianRelay8598I1 -\u003e mqtt:topic:dingtianbroker:DingtianRelay8598:I1": {
    "class": "org.openhab.core.thing.link.ItemChannelLink",
    "value": {
      "channelUID": {
        "segments": [
          "mqtt",
          "topic",
          "dingtianbroker",
          "DingtianRelay8598",
          "I1"
        ],
        "uid": "mqtt:topic:dingtianbroker:DingtianRelay8598:I1"
      },
      "configuration": {
        "properties": {}
      },
      "itemName": "DingtianRelay8598I1"
    }
  },
  "DingtianRelay8598I2 -\u003e mqtt:topic:dingtianbroker:DingtianRelay8598:I2": {
    "class": "org.openhab.core.thing.link.ItemChannelLink",
    "value": {
      "channelUID": {
        "segments": [
          "mqtt",
          "topic",
          "dingtianbroker",
          "DingtianRelay8598",
          "I2"
        ],
        "uid": "mqtt:topic:dingtianbroker:DingtianRelay8598:I2"
      },
      "configuration": {
        "properties": {}
      },
      "itemName": "DingtianRelay8598I2"
    }
  },
  "DingtianRelay8598I3 -\u003e mqtt:topic:dingtianbroker:DingtianRelay8598:I3": {
    "class": "org.openhab.core.thing.link.ItemChannelLink",
    "value": {
      "channelUID": {
        "segments": [
          "mqtt",
          "topic",
          "dingtianbroker",
          "DingtianRelay8598",
          "I3"
        ],
        "uid": "mqtt:topic:dingtianbroker:DingtianRelay8598:I3"
      },
      "configuration": {
        "properties": {}
      },
      "itemName": "DingtianRelay8598I3"
    }
  },
  "DingtianRelay8598I4 -\u003e mqtt:topic:dingtianbroker:DingtianRelay8598:I4": {
    "class": "org.openhab.core.thing.link.ItemChannelLink",
    "value": {
      "channelUID": {
        "segments": [
          "mqtt",
          "topic",
          "dingtianbroker",
          "DingtianRelay8598",
          "I4"
        ],
        "uid": "mqtt:topic:dingtianbroker:DingtianRelay8598:I4"
      },
      "configuration": {
        "properties": {}
      },
      "itemName": "DingtianRelay8598I4"
    }
  },
  "DingtianRelay8598I5 -\u003e mqtt:topic:dingtianbroker:DingtianRelay8598:I5": {
    "class": "org.openhab.core.thing.link.ItemChannelLink",
    "value": {
      "channelUID": {
        "segments": [
          "mqtt",
          "topic",
          "dingtianbroker",
          "DingtianRelay8598",
          "I5"
        ],
        "uid": "mqtt:topic:dingtianbroker:DingtianRelay8598:I5"
      },
      "configuration": {
        "properties": {}
      },
      "itemName": "DingtianRelay8598I5"
    }
  },
  "DingtianRelay8598I6 -\u003e mqtt:topic:dingtianbroker:DingtianRelay8598:I6": {
    "class": "org.openhab.core.thing.link.ItemChannelLink",
    "value": {
      "channelUID": {
        "segments": [
          "mqtt",
          "topic",
          "dingtianbroker",
          "DingtianRelay8598",
          "I6"
        ],
        "uid": "mqtt:topic:dingtianbroker:DingtianRelay8598:I6"
      },
      "configuration": {
        "properties": {}
      },
      "itemName": "DingtianRelay8598I6"
    }
  },
  "DingtianRelay8598I7 -\u003e mqtt:topic:dingtianbroker:DingtianRelay8598:I7": {
    "class": "org.openhab.core.thing.link.ItemChannelLink",
    "value": {
      "channelUID": {
        "segments": [
          "mqtt",
          "topic",
          "dingtianbroker",
          "DingtianRelay8598",
          "I7"
        ],
        "uid": "mqtt:topic:dingtianbroker:DingtianRelay8598:I7"
      },
      "configuration": {
        "properties": {}
      },
      "itemName": "DingtianRelay8598I7"
    }
  },
  "DingtianRelay8598I8 -\u003e mqtt:topic:dingtianbroker:DingtianRelay8598:I8": {
    "class": "org.openhab.core.thing.link.ItemChannelLink",
    "value": {
      "channelUID": {
        "segments": [
          "mqtt",
          "topic",
          "dingtianbroker",
          "DingtianRelay8598",
          "I8"
        ],
        "uid": "mqtt:topic:dingtianbroker:DingtianRelay8598:I8"
      },
      "configuration": {
        "properties": {}
      },
      "itemName": "DingtianRelay8598I8"
    }
  },
  "DingtianRelay8598I9 -\u003e mqtt:topic:dingtianbroker:DingtianRelay8598:I9": {
    "class": "org.openhab.core.thing.link.ItemChannelLink",
    "value": {
      "channelUID": {
        "segments": [
          "mqtt",
          "topic",
          "dingtianbroker",
          "DingtianRelay8598",
          "I9"
        ],
        "uid": "mqtt:topic:dingtianbroker:DingtianRelay8598:I9"
      },
      "configuration": {
        "properties": {}
      },
      "itemName": "DingtianRelay8598I9"
    }
  },
  "DingtianRelay8598I10 -\u003e mqtt:topic:dingtianbroker:DingtianRelay8598:I10": {
    "class": "org.openhab.core.thing.link.ItemChannelLink",
    "value": {
      "channelUID": {
        "segments": [
          "mqtt",
          "topic",
          "dingtianbroker",
          "DingtianRelay8598",
          "I10"
        ],
        "uid": "mqtt:topic:dingtianbroker:DingtianRelay8598:I10"
      },
      "configuration": {
        "properties": {}
      },
      "itemName": "DingtianRelay8598I10"
    }
  },
  "DingtianRelay8598I11 -\u003e mqtt:topic:dingtianbroker:DingtianRelay8598:I11": {
    "class": "org.openhab.core.thing.link.ItemChannelLink",
    "value": {
      "channelUID": {
        "segments": [
          "mqtt",
          "topic",
          "dingtianbroker",
          "DingtianRelay8598",
          "I11"
        ],
        "uid": "mqtt:topic:dingtianbroker:DingtianRelay8598:I11"
      },
      "configuration": {
        "properties": {}
      },
      "itemName": "DingtianRelay8598I11"
    }
  },
  "DingtianRelay8598I12 -\u003e mqtt:topic:dingtianbroker:DingtianRelay8598:I12": {
    "class": "org.openhab.core.thing.link.ItemChannelLink",
    "value": {
      "channelUID": {
        "segments": [
          "mqtt",
          "topic",
          "dingtianbroker",
          "DingtianRelay8598",
          "I12"
        ],
        "uid": "mqtt:topic:dingtianbroker:DingtianRelay8598:I12"
      },
      "configuration": {
        "properties": {}
      },
      "itemName": "DingtianRelay8598I12"
    }
  },
  "DingtianRelay8598I13 -\u003e mqtt:topic:dingtianbroker:DingtianRelay8598:I13": {
    "class": "org.openhab.core.thing.link.ItemChannelLink",
    "value": {
      "channelUID": {
        "segments": [
          "mqtt",
          "topic",
          "dingtianbroker",
          "DingtianRelay8598",
          "I13"
        ],
        "uid": "mqtt:topic:dingtianbroker:DingtianRelay8598:I13"
      },
      "configuration": {
        "properties": {}
      },
      "itemName": "DingtianRelay8598I13"
    }
  },
  "DingtianRelay8598I14 -\u003e mqtt:topic:dingtianbroker:DingtianRelay8598:I14": {
    "class": "org.openhab.core.thing.link.ItemChannelLink",
    "value": {
      "channelUID": {
        "segments": [
          "mqtt",
          "topic",
          "dingtianbroker",
          "DingtianRelay8598",
          "I14"
        ],
        "uid": "mqtt:topic:dingtianbroker:DingtianRelay8598:I14"
      },
      "configuration": {
        "properties": {}
      },
      "itemName": "DingtianRelay8598I14"
    }
  },
  "DingtianRelay8598I15 -\u003e mqtt:topic:dingtianbroker:DingtianRelay8598:I15": {
    "class": "org.openhab.core.thing.link.ItemChannelLink",
    "value": {
      "channelUID": {
        "segments": [
          "mqtt",
          "topic",
          "dingtianbroker",
          "DingtianRelay8598",
          "I15"
        ],
        "uid": "mqtt:topic:dingtianbroker:DingtianRelay8598:I15"
      },
      "configuration": {
        "properties": {}
      },
      "itemName": "DingtianRelay8598I15"
    }
  },
  "DingtianRelay8598I16 -\u003e mqtt:topic:dingtianbroker:DingtianRelay8598:I16": {
    "class": "org.openhab.core.thing.link.ItemChannelLink",
    "value": {
      "channelUID": {
        "segments": [
          "mqtt",
          "topic",
          "dingtianbroker",
          "DingtianRelay8598",
          "I16"
        ],
        "uid": "mqtt:topic:dingtianbroker:DingtianRelay8598:I16"
      },
      "configuration": {
        "properties": {}
      },
      "itemName": "DingtianRelay8598I16"
    }
  },
  "DingtianRelay8598I17 -\u003e mqtt:topic:dingtianbroker:DingtianRelay8598:I17": {
    "class": "org.openhab.core.thing.link.ItemChannelLink",
    "value": {
      "channelUID": {
        "segments": [
          "mqtt",
          "topic",
          "dingtianbroker",
          "DingtianRelay8598",
          "I17"
        ],
        "uid": "mqtt:topic:dingtianbroker:DingtianRelay8598:I17"
      },
      "configuration": {
        "properties": {}
      },
      "itemName": "DingtianRelay8598I17"
    }
  },
  "DingtianRelay8598I18 -\u003e mqtt:topic:dingtianbroker:DingtianRelay8598:I18": {
    "class": "org.openhab.core.thing.link.ItemChannelLink",
    "value": {
      "channelUID": {
        "segments": [
          "mqtt",
          "topic",
          "dingtianbroker",
          "DingtianRelay8598",
          "I18"
        ],
        "uid": "mqtt:topic:dingtianbroker:DingtianRelay8598:I18"
      },
      "configuration": {
        "properties": {}
      },
      "itemName": "DingtianRelay8598I18"
    }
  },
  "DingtianRelay8598I19 -\u003e mqtt:topic:dingtianbroker:DingtianRelay8598:I19": {
    "class": "org.openhab.core.thing.link.ItemChannelLink",
    "value": {
      "channelUID": {
        "segments": [
          "mqtt",
          "topic",
          "dingtianbroker",
          "DingtianRelay8598",
          "I19"
        ],
        "uid": "mqtt:topic:dingtianbroker:DingtianRelay8598:I19"
      },
      "configuration": {
        "properties": {}
      },
      "itemName": "DingtianRelay8598I19"
    }
  },
  "DingtianRelay8598I20 -\u003e mqtt:topic:dingtianbroker:DingtianRelay8598:I20": {
    "class": "org.openhab.core.thing.link.ItemChannelLink",
    "value": {
      "channelUID": {
        "segments": [
          "mqtt",
          "topic",
          "dingtianbroker",
          "DingtianRelay8598",
          "I20"
        ],
        "uid": "mqtt:topic:dingtianbroker:DingtianRelay8598:I20"
      },
      "configuration": {
        "properties": {}
      },
      "itemName": "DingtianRelay8598I20"
    }
  },
  "DingtianRelay8598I21 -\u003e mqtt:topic:dingtianbroker:DingtianRelay8598:I21": {
    "class": "org.openhab.core.thing.link.ItemChannelLink",
    "value": {
      "channelUID": {
        "segments": [
          "mqtt",
          "topic",
          "dingtianbroker",
          "DingtianRelay8598",
          "I21"
        ],
        "uid": "mqtt:topic:dingtianbroker:DingtianRelay8598:I21"
      },
      "configuration": {
        "properties": {}
      },
      "itemName": "DingtianRelay8598I21"
    }
  },
  "DingtianRelay8598I22 -\u003e mqtt:topic:dingtianbroker:DingtianRelay8598:I22": {
    "class": "org.openhab.core.thing.link.ItemChannelLink",
    "value": {
      "channelUID": {
        "segments": [
          "mqtt",
          "topic",
          "dingtianbroker",
          "DingtianRelay8598",
          "I22"
        ],
        "uid": "mqtt:topic:dingtianbroker:DingtianRelay8598:I22"
      },
      "configuration": {
        "properties": {}
      },
      "itemName": "DingtianRelay8598I22"
    }
  },
  "DingtianRelay8598I23 -\u003e mqtt:topic:dingtianbroker:DingtianRelay8598:I23": {
    "class": "org.openhab.core.thing.link.ItemChannelLink",
    "value": {
      "channelUID": {
        "segments": [
          "mqtt",
          "topic",
          "dingtianbroker",
          "DingtianRelay8598",
          "I23"
        ],
        "uid": "mqtt:topic:dingtianbroker:DingtianRelay8598:I23"
      },
      "configuration": {
        "properties": {}
      },
      "itemName": "DingtianRelay8598I23"
    }
  },
  "DingtianRelay8598I24 -\u003e mqtt:topic:dingtianbroker:DingtianRelay8598:I24": {
    "class": "org.openhab.core.thing.link.ItemChannelLink",
    "value": {
      "channelUID": {
        "segments": [
          "mqtt",
          "topic",
          "dingtianbroker",
          "DingtianRelay8598",
          "I24"
        ],
        "uid": "mqtt:topic:dingtianbroker:DingtianRelay8598:I24"
      },
      "configuration": {
        "properties": {}
      },
      "itemName": "DingtianRelay8598I24"
    }
  },
  "DingtianRelay8598I25 -\u003e mqtt:topic:dingtianbroker:DingtianRelay8598:I25": {
    "class": "org.openhab.core.thing.link.ItemChannelLink",
    "value": {
      "channelUID": {
        "segments": [
          "mqtt",
          "topic",
          "dingtianbroker",
          "DingtianRelay8598",
          "I25"
        ],
        "uid": "mqtt:topic:dingtianbroker:DingtianRelay8598:I25"
      },
      "configuration": {
        "properties": {}
      },
      "itemName": "DingtianRelay8598I25"
    }
  },
  "DingtianRelay8598I26 -\u003e mqtt:topic:dingtianbroker:DingtianRelay8598:I26": {
    "class": "org.openhab.core.thing.link.ItemChannelLink",
    "value": {
      "channelUID": {
        "segments": [
          "mqtt",
          "topic",
          "dingtianbroker",
          "DingtianRelay8598",
          "I26"
        ],
        "uid": "mqtt:topic:dingtianbroker:DingtianRelay8598:I26"
      },
      "configuration": {
        "properties": {}
      },
      "itemName": "DingtianRelay8598I26"
    }
  },
  "DingtianRelay8598I27 -\u003e mqtt:topic:dingtianbroker:DingtianRelay8598:I27": {
    "class": "org.openhab.core.thing.link.ItemChannelLink",
    "value": {
      "channelUID": {
        "segments": [
          "mqtt",
          "topic",
          "dingtianbroker",
          "DingtianRelay8598",
          "I27"
        ],
        "uid": "mqtt:topic:dingtianbroker:DingtianRelay8598:I27"
      },
      "configuration": {
        "properties": {}
      },
      "itemName": "DingtianRelay8598I27"
    }
  },
  "DingtianRelay8598I28 -\u003e mqtt:topic:dingtianbroker:DingtianRelay8598:I28": {
    "class": "org.openhab.core.thing.link.ItemChannelLink",
    "value": {
      "channelUID": {
        "segments": [
          "mqtt",
          "topic",
          "dingtianbroker",
          "DingtianRelay8598",
          "I28"
        ],
        "uid": "mqtt:topic:dingtianbroker:DingtianRelay8598:I28"
      },
      "configuration": {
        "properties": {}
      },
      "itemName": "DingtianRelay8598I28"
    }
  },
  "DingtianRelay8598I29 -\u003e mqtt:topic:dingtianbroker:DingtianRelay8598:I29": {
    "class": "org.openhab.core.thing.link.ItemChannelLink",
    "value": {
      "channelUID": {
        "segments": [
          "mqtt",
          "topic",
          "dingtianbroker",
          "DingtianRelay8598",
          "I29"
        ],
        "uid": "mqtt:topic:dingtianbroker:DingtianRelay8598:I29"
      },
      "configuration": {
        "properties": {}
      },
      "itemName": "DingtianRelay8598I29"
    }
  },
  "DingtianRelay8598I30 -\u003e mqtt:topic:dingtianbroker:DingtianRelay8598:I30": {
    "class": "org.openhab.core.thing.link.ItemChannelLink",
    "value": {
      "channelUID": {
        "segments": [
          "mqtt",
          "topic",
          "dingtianbroker",
          "DingtianRelay8598",
          "I30"
        ],
        "uid": "mqtt:topic:dingtianbroker:DingtianRelay8598:I30"
      },
      "configuration": {
        "properties": {}
      },
      "itemName": "DingtianRelay8598I30"
    }
  },
  "DingtianRelay8598I31 -\u003e mqtt:topic:dingtianbroker:DingtianRelay8598:I31": {
    "class": "org.openhab.core.thing.link.ItemChannelLink",
    "value": {
      "channelUID": {
        "segments": [
          "mqtt",
          "topic",
          "dingtianbroker",
          "DingtianRelay8598",
          "I31"
        ],
        "uid": "mqtt:topic:dingtianbroker:DingtianRelay8598:I31"
      },
      "configuration": {
        "properties": {}
      },
      "itemName": "DingtianRelay8598I31"
    }
  },
  "DingtianRelay8598I32 -\u003e mqtt:topic:dingtianbroker:DingtianRelay8598:I32": {
    "class": "org.openhab.core.thing.link.ItemChannelLink",
    "value": {
      "channelUID": {
        "segments": [
          "mqtt",
          "topic",
          "dingtianbroker",
          "DingtianRelay8598",
          "I32"
        ],
        "uid": "mqtt:topic:dingtianbroker:DingtianRelay8598:I32"
      },
      "configuration": {
        "properties": {}
      },
      "itemName": "DingtianRelay8598I32"
    }
  },
  "DingtianRelay8598R1 -\u003e mqtt:topic:dingtianbroker:DingtianRelay8598:R1": {
    "class": "org.openhab.core.thing.link.ItemChannelLink",
    "value": {
      "channelUID": {
        "segments": [
          "mqtt",
          "topic",
          "dingtianbroker",
          "DingtianRelay8598",
          "R1"
        ],
        "uid": "mqtt:topic:dingtianbroker:DingtianRelay8598:R1"
      },
      "configuration": {
        "properties": {}
      },
      "itemName": "DingtianRelay8598R1"
    }
  },
  "DingtianRelay8598R2 -\u003e mqtt:topic:dingtianbroker:DingtianRelay8598:R2": {
    "class": "org.openhab.core.thing.link.ItemChannelLink",
    "value": {
      "channelUID": {
        "segments": [
          "mqtt",
          "topic",
          "dingtianbroker",
          "DingtianRelay8598",
          "R2"
        ],
        "uid": "mqtt:topic:dingtianbroker:DingtianRelay8598:R2"
      },
      "configuration": {
        "properties": {}
      },
      "itemName": "DingtianRelay8598R2"
    }
  },
  "DingtianRelay8598R3 -\u003e mqtt:topic:dingtianbroker:DingtianRelay8598:R3": {
    "class": "org.openhab.core.thing.link.ItemChannelLink",
    "value": {
      "channelUID": {
        "segments": [
          "mqtt",
          "topic",
          "dingtianbroker",
          "DingtianRelay8598",
          "R3"
        ],
        "uid": "mqtt:topic:dingtianbroker:DingtianRelay8598:R3"
      },
      "configuration": {
        "properties": {}
      },
      "itemName": "DingtianRelay8598R3"
    }
  },
  "DingtianRelay8598R4 -\u003e mqtt:topic:dingtianbroker:DingtianRelay8598:R4": {
    "class": "org.openhab.core.thing.link.ItemChannelLink",
    "value": {
      "channelUID": {
        "segments": [
          "mqtt",
          "topic",
          "dingtianbroker",
          "DingtianRelay8598",
          "R4"
        ],
        "uid": "mqtt:topic:dingtianbroker:DingtianRelay8598:R4"
      },
      "configuration": {
        "properties": {}
      },
      "itemName": "DingtianRelay8598R4"
    }
  },
  "DingtianRelay8598R5 -\u003e mqtt:topic:dingtianbroker:DingtianRelay8598:R5": {
    "class": "org.openhab.core.thing.link.ItemChannelLink",
    "value": {
      "channelUID": {
        "segments": [
          "mqtt",
          "topic",
          "dingtianbroker",
          "DingtianRelay8598",
          "R5"
        ],
        "uid": "mqtt:topic:dingtianbroker:DingtianRelay8598:R5"
      },
      "configuration": {
        "properties": {}
      },
      "itemName": "DingtianRelay8598R5"
    }
  },
  "DingtianRelay8598R6 -\u003e mqtt:topic:dingtianbroker:DingtianRelay8598:R6": {
    "class": "org.openhab.core.thing.link.ItemChannelLink",
    "value": {
      "channelUID": {
        "segments": [
          "mqtt",
          "topic",
          "dingtianbroker",
          "DingtianRelay8598",
          "R6"
        ],
        "uid": "mqtt:topic:dingtianbroker:DingtianRelay8598:R6"
      },
      "configuration": {
        "properties": {}
      },
      "itemName": "DingtianRelay8598R6"
    }
  },
  "DingtianRelay8598R7 -\u003e mqtt:topic:dingtianbroker:DingtianRelay8598:R7": {
    "class": "org.openhab.core.thing.link.ItemChannelLink",
    "value": {
      "channelUID": {
        "segments": [
          "mqtt",
          "topic",
          "dingtianbroker",
          "DingtianRelay8598",
          "R7"
        ],
        "uid": "mqtt:topic:dingtianbroker:DingtianRelay8598:R7"
      },
      "configuration": {
        "properties": {}
      },
      "itemName": "DingtianRelay8598R7"
    }
  },
  "DingtianRelay8598R8 -\u003e mqtt:topic:dingtianbroker:DingtianRelay8598:R8": {
    "class": "org.openhab.core.thing.link.ItemChannelLink",
    "value": {
      "channelUID": {
        "segments": [
          "mqtt",
          "topic",
          "dingtianbroker",
          "DingtianRelay8598",
          "R8"
        ],
        "uid": "mqtt:topic:dingtianbroker:DingtianRelay8598:R8"
      },
      "configuration": {
        "properties": {}
      },
      "itemName": "DingtianRelay8598R8"
    }
  },
  "DingtianRelay8598R9 -\u003e mqtt:topic:dingtianbroker:DingtianRelay8598:R9": {
    "class": "org.openhab.core.thing.link.ItemChannelLink",
    "value": {
      "channelUID": {
        "segments": [
          "mqtt",
          "topic",
          "dingtianbroker",
          "DingtianRelay8598",
          "R9"
        ],
        "uid": "mqtt:topic:dingtianbroker:DingtianRelay8598:R9"
      },
      "configuration": {
        "properties": {}
      },
      "itemName": "DingtianRelay8598R9"
    }
  },
  "DingtianRelay8598R10 -\u003e mqtt:topic:dingtianbroker:DingtianRelay8598:R10": {
    "class": "org.openhab.core.thing.link.ItemChannelLink",
    "value": {
      "channelUID": {
        "segments": [
          "mqtt",
          "topic",
          "dingtianbroker",
          "DingtianRelay8598",
          "R10"
        ],
        "uid": "mqtt:topic:dingtianbroker:DingtianRelay8598:R10"
      },
      "configuration": {
        "properties": {}
      },
      "itemName": "DingtianRelay8598R10"
    }
  },
  "DingtianRelay8598R11 -\u003e mqtt:topic:dingtianbroker:DingtianRelay8598:R11": {
    "class": "org.openhab.core.thing.link.ItemChannelLink",
    "value": {
      "channelUID": {
        "segments": [
          "mqtt",
          "topic",
          "dingtianbroker",
          "DingtianRelay8598",
          "R11"
        ],
        "uid": "mqtt:topic:dingtianbroker:DingtianRelay8598:R11"
      },
      "configuration": {
        "properties": {}
      },
      "itemName": "DingtianRelay8598R11"
    }
  },
  "DingtianRelay8598R12 -\u003e mqtt:topic:dingtianbroker:DingtianRelay8598:R12": {
    "class": "org.openhab.core.thing.link.ItemChannelLink",
    "value": {
      "channelUID": {
        "segments": [
          "mqtt",
          "topic",
          "dingtianbroker",
          "DingtianRelay8598",
          "R12"
        ],
        "uid": "mqtt:topic:dingtianbroker:DingtianRelay8598:R12"
      },
      "configuration": {
        "properties": {}
      },
      "itemName": "DingtianRelay8598R12"
    }
  },
  "DingtianRelay8598R13 -\u003e mqtt:topic:dingtianbroker:DingtianRelay8598:R13": {
    "class": "org.openhab.core.thing.link.ItemChannelLink",
    "value": {
      "channelUID": {
        "segments": [
          "mqtt",
          "topic",
          "dingtianbroker",
          "DingtianRelay8598",
          "R13"
        ],
        "uid": "mqtt:topic:dingtianbroker:DingtianRelay8598:R13"
      },
      "configuration": {
        "properties": {}
      },
      "itemName": "DingtianRelay8598R13"
    }
  },
  "DingtianRelay8598R14 -\u003e mqtt:topic:dingtianbroker:DingtianRelay8598:R14": {
    "class": "org.openhab.core.thing.link.ItemChannelLink",
    "value": {
      "channelUID": {
        "segments": [
          "mqtt",
          "topic",
          "dingtianbroker",
          "DingtianRelay8598",
          "R14"
        ],
        "uid": "mqtt:topic:dingtianbroker:DingtianRelay8598:R14"
      },
      "configuration": {
        "properties": {}
      },
      "itemName": "DingtianRelay8598R14"
    }
  },
  "DingtianRelay8598R15 -\u003e mqtt:topic:dingtianbroker:DingtianRelay8598:R15": {
    "class": "org.openhab.core.thing.link.ItemChannelLink",
    "value": {
      "channelUID": {
        "segments": [
          "mqtt",
          "topic",
          "dingtianbroker",
          "DingtianRelay8598",
          "R15"
        ],
        "uid": "mqtt:topic:dingtianbroker:DingtianRelay8598:R15"
      },
      "configuration": {
        "properties": {}
      },
      "itemName": "DingtianRelay8598R15"
    }
  },
  "DingtianRelay8598R16 -\u003e mqtt:topic:dingtianbroker:DingtianRelay8598:R16": {
    "class": "org.openhab.core.thing.link.ItemChannelLink",
    "value": {
      "channelUID": {
        "segments": [
          "mqtt",
          "topic",
          "dingtianbroker",
          "DingtianRelay8598",
          "R16"
        ],
        "uid": "mqtt:topic:dingtianbroker:DingtianRelay8598:R16"
      },
      "configuration": {
        "properties": {}
      },
      "itemName": "DingtianRelay8598R16"
    }
  },
  "DingtianRelay8598R17 -\u003e mqtt:topic:dingtianbroker:DingtianRelay8598:R17": {
    "class": "org.openhab.core.thing.link.ItemChannelLink",
    "value": {
      "channelUID": {
        "segments": [
          "mqtt",
          "topic",
          "dingtianbroker",
          "DingtianRelay8598",
          "R17"
        ],
        "uid": "mqtt:topic:dingtianbroker:DingtianRelay8598:R17"
      },
      "configuration": {
        "properties": {}
      },
      "itemName": "DingtianRelay8598R17"
    }
  },
  "DingtianRelay8598R18 -\u003e mqtt:topic:dingtianbroker:DingtianRelay8598:R18": {
    "class": "org.openhab.core.thing.link.ItemChannelLink",
    "value": {
      "channelUID": {
        "segments": [
          "mqtt",
          "topic",
          "dingtianbroker",
          "DingtianRelay8598",
          "R18"
        ],
        "uid": "mqtt:topic:dingtianbroker:DingtianRelay8598:R18"
      },
      "configuration": {
        "properties": {}
      },
      "itemName": "DingtianRelay8598R18"
    }
  },
  "DingtianRelay8598R19 -\u003e mqtt:topic:dingtianbroker:DingtianRelay8598:R19": {
    "class": "org.openhab.core.thing.link.ItemChannelLink",
    "value": {
      "channelUID": {
        "segments": [
          "mqtt",
          "topic",
          "dingtianbroker",
          "DingtianRelay8598",
          "R19"
        ],
        "uid": "mqtt:topic:dingtianbroker:DingtianRelay8598:R19"
      },
      "configuration": {
        "properties": {}
      },
      "itemName": "DingtianRelay8598R19"
    }
  },
  "DingtianRelay8598R20 -\u003e mqtt:topic:dingtianbroker:DingtianRelay8598:R20": {
    "class": "org.openhab.core.thing.link.ItemChannelLink",
    "value": {
      "channelUID": {
        "segments": [
          "mqtt",
          "topic",
          "dingtianbroker",
          "DingtianRelay8598",
          "R20"
        ],
        "uid": "mqtt:topic:dingtianbroker:DingtianRelay8598:R20"
      },
      "configuration": {
        "properties": {}
      },
      "itemName": "DingtianRelay8598R20"
    }
  },
  "DingtianRelay8598R21 -\u003e mqtt:topic:dingtianbroker:DingtianRelay8598:R21": {
    "class": "org.openhab.core.thing.link.ItemChannelLink",
    "value": {
      "channelUID": {
        "segments": [
          "mqtt",
          "topic",
          "dingtianbroker",
          "DingtianRelay8598",
          "R21"
        ],
        "uid": "mqtt:topic:dingtianbroker:DingtianRelay8598:R21"
      },
      "configuration": {
        "properties": {}
      },
      "itemName": "DingtianRelay8598R21"
    }
  },
  "DingtianRelay8598R22 -\u003e mqtt:topic:dingtianbroker:DingtianRelay8598:R22": {
    "class": "org.openhab.core.thing.link.ItemChannelLink",
    "value": {
      "channelUID": {
        "segments": [
          "mqtt",
          "topic",
          "dingtianbroker",
          "DingtianRelay8598",
          "R22"
        ],
        "uid": "mqtt:topic:dingtianbroker:DingtianRelay8598:R22"
      },
      "configuration": {
        "properties": {}
      },
      "itemName": "DingtianRelay8598R22"
    }
  },
  "DingtianRelay8598R23 -\u003e mqtt:topic:dingtianbroker:DingtianRelay8598:R23": {
    "class": "org.openhab.core.thing.link.ItemChannelLink",
    "value": {
      "channelUID": {
        "segments": [
          "mqtt",
          "topic",
          "dingtianbroker",
          "DingtianRelay8598",
          "R23"
        ],
        "uid": "mqtt:topic:dingtianbroker:DingtianRelay8598:R23"
      },
      "configuration": {
        "properties": {}
      },
      "itemName": "DingtianRelay8598R23"
    }
  },
  "DingtianRelay8598R24 -\u003e mqtt:topic:dingtianbroker:DingtianRelay8598:R24": {
    "class": "org.openhab.core.thing.link.ItemChannelLink",
    "value": {
      "channelUID": {
        "segments": [
          "mqtt",
          "topic",
          "dingtianbroker",
          "DingtianRelay8598",
          "R24"
        ],
        "uid": "mqtt:topic:dingtianbroker:DingtianRelay8598:R24"
      },
      "configuration": {
        "properties": {}
      },
      "itemName": "DingtianRelay8598R24"
    }
  },
  "DingtianRelay8598R25 -\u003e mqtt:topic:dingtianbroker:DingtianRelay8598:R25": {
    "class": "org.openhab.core.thing.link.ItemChannelLink",
    "value": {
      "channelUID": {
        "segments": [
          "mqtt",
          "topic",
          "dingtianbroker",
          "DingtianRelay8598",
          "R25"
        ],
        "uid": "mqtt:topic:dingtianbroker:DingtianRelay8598:R25"
      },
      "configuration": {
        "properties": {}
      },
      "itemName": "DingtianRelay8598R25"
    }
  },
  "DingtianRelay8598R26 -\u003e mqtt:topic:dingtianbroker:DingtianRelay8598:R26": {
    "class": "org.openhab.core.thing.link.ItemChannelLink",
    "value": {
      "channelUID": {
        "segments": [
          "mqtt",
          "topic",
          "dingtianbroker",
          "DingtianRelay8598",
          "R26"
        ],
        "uid": "mqtt:topic:dingtianbroker:DingtianRelay8598:R26"
      },
      "configuration": {
        "properties": {}
      },
      "itemName": "DingtianRelay8598R26"
    }
  },
  "DingtianRelay8598R27 -\u003e mqtt:topic:dingtianbroker:DingtianRelay8598:R27": {
    "class": "org.openhab.core.thing.link.ItemChannelLink",
    "value": {
      "channelUID": {
        "segments": [
          "mqtt",
          "topic",
          "dingtianbroker",
          "DingtianRelay8598",
          "R27"
        ],
        "uid": "mqtt:topic:dingtianbroker:DingtianRelay8598:R27"
      },
      "configuration": {
        "properties": {}
      },
      "itemName": "DingtianRelay8598R27"
    }
  },
  "DingtianRelay8598R28 -\u003e mqtt:topic:dingtianbroker:DingtianRelay8598:R28": {
    "class": "org.openhab.core.thing.link.ItemChannelLink",
    "value": {
      "channelUID": {
        "segments": [
          "mqtt",
          "topic",
          "dingtianbroker",
          "DingtianRelay8598",
          "R28"
        ],
        "uid": "mqtt:topic:dingtianbroker:DingtianRelay8598:R28"
      },
      "configuration": {
        "properties": {}
      },
      "itemName": "DingtianRelay8598R28"
    }
  },
  "DingtianRelay8598R29 -\u003e mqtt:topic:dingtianbroker:DingtianRelay8598:R29": {
    "class": "org.openhab.core.thing.link.ItemChannelLink",
    "value": {
      "channelUID": {
        "segments": [
          "mqtt",
          "topic",
          "dingtianbroker",
          "DingtianRelay8598",
          "R29"
        ],
        "uid": "mqtt:topic:dingtianbroker:DingtianRelay8598:R29"
      },
      "configuration": {
        "properties": {}
      },
      "itemName": "DingtianRelay8598R29"
    }
  },
  "DingtianRelay8598R30 -\u003e mqtt:topic:dingtianbroker:DingtianRelay8598:R30": {
    "class": "org.openhab.core.thing.link.ItemChannelLink",
    "value": {
      "channelUID": {
        "segments": [
          "mqtt",
          "topic",
          "dingtianbroker",
          "DingtianRelay8598",
          "R30"
        ],
        "uid": "mqtt:topic:dingtianbroker:DingtianRelay8598:R30"
      },
      "configuration": {
        "properties": {}
      },
      "itemName": "DingtianRelay8598R30"
    }
  },
  "DingtianRelay8598R31 -\u003e mqtt:topic:dingtianbroker:DingtianRelay8598:R31": {
    "class": "org.openhab.core.thing.link.ItemChannelLink",
    "value": {
      "channelUID": {
        "segments": [
          "mqtt",
          "topic",
          "dingtianbroker",
          "DingtianRelay8598",
          "R31"
        ],
        "uid": "mqtt:topic:dingtianbroker:DingtianRelay8598:R31"
      },
      "configuration": {
        "properties": {}
      },
      "itemName": "DingtianRelay8598R31"
    }
  },
  "DingtianRelay8598R32 -\u003e mqtt:topic:dingtianbroker:DingtianRelay8598:R32": {
    "class": "org.openhab.core.thing.link.ItemChannelLink",
    "value": {
      "channelUID": {
        "segments": [
          "mqtt",
          "topic",
          "dingtianbroker",
          "DingtianRelay8598",
          "R32"
        ],
        "uid": "mqtt:topic:dingtianbroker:DingtianRelay8598:R32"
      },
      "configuration": {
        "properties": {}
      },
      "itemName": "DingtianRelay8598R32"
    }
  },
  "DingtianRelay8596I1 -\u003e mqtt:topic:dingtianbroker:DingtianRelay8596:I1": {
    "class": "org.openhab.core.thing.link.ItemChannelLink",
    "value": {
      "channelUID": {
        "segments": [
          "mqtt",
          "topic",
          "dingtianbroker",
          "DingtianRelay8596",
          "I1"
        ],
        "uid": "mqtt:topic:dingtianbroker:DingtianRelay8596:I1"
      },
      "configuration": {
        "properties": {}
      },
      "itemName": "DingtianRelay8596I1"
    }
  },
  "DingtianRelay8596I2 -\u003e mqtt:topic:dingtianbroker:DingtianRelay8596:I2": {
    "class": "org.openhab.core.thing.link.ItemChannelLink",
    "value": {
      "channelUID": {
        "segments": [
          "mqtt",
          "topic",
          "dingtianbroker",
          "DingtianRelay8596",
          "I2"
        ],
        "uid": "mqtt:topic:dingtianbroker:DingtianRelay8596:I2"
      },
      "configuration": {
        "properties": {}
      },
      "itemName": "DingtianRelay8596I2"
    }
  },
  "DingtianRelay8596I3 -\u003e mqtt:topic:dingtianbroker:DingtianRelay8596:I3": {
    "class": "org.openhab.core.thing.link.ItemChannelLink",
    "value": {
      "channelUID": {
        "segments": [
          "mqtt",
          "topic",
          "dingtianbroker",
          "DingtianRelay8596",
          "I3"
        ],
        "uid": "mqtt:topic:dingtianbroker:DingtianRelay8596:I3"
      },
      "configuration": {
        "properties": {}
      },
      "itemName": "DingtianRelay8596I3"
    }
  },
  "DingtianRelay8596I4 -\u003e mqtt:topic:dingtianbroker:DingtianRelay8596:I4": {
    "class": "org.openhab.core.thing.link.ItemChannelLink",
    "value": {
      "channelUID": {
        "segments": [
          "mqtt",
          "topic",
          "dingtianbroker",
          "DingtianRelay8596",
          "I4"
        ],
        "uid": "mqtt:topic:dingtianbroker:DingtianRelay8596:I4"
      },
      "configuration": {
        "properties": {}
      },
      "itemName": "DingtianRelay8596I4"
    }
  },
  "DingtianRelay8596I5 -\u003e mqtt:topic:dingtianbroker:DingtianRelay8596:I5": {
    "class": "org.openhab.core.thing.link.ItemChannelLink",
    "value": {
      "channelUID": {
        "segments": [
          "mqtt",
          "topic",
          "dingtianbroker",
          "DingtianRelay8596",
          "I5"
        ],
        "uid": "mqtt:topic:dingtianbroker:DingtianRelay8596:I5"
      },
      "configuration": {
        "properties": {}
      },
      "itemName": "DingtianRelay8596I5"
    }
  },
  "DingtianRelay8596I6 -\u003e mqtt:topic:dingtianbroker:DingtianRelay8596:I6": {
    "class": "org.openhab.core.thing.link.ItemChannelLink",
    "value": {
      "channelUID": {
        "segments": [
          "mqtt",
          "topic",
          "dingtianbroker",
          "DingtianRelay8596",
          "I6"
        ],
        "uid": "mqtt:topic:dingtianbroker:DingtianRelay8596:I6"
      },
      "configuration": {
        "properties": {}
      },
      "itemName": "DingtianRelay8596I6"
    }
  },
  "DingtianRelay8596I7 -\u003e mqtt:topic:dingtianbroker:DingtianRelay8596:I7": {
    "class": "org.openhab.core.thing.link.ItemChannelLink",
    "value": {
      "channelUID": {
        "segments": [
          "mqtt",
          "topic",
          "dingtianbroker",
          "DingtianRelay8596",
          "I7"
        ],
        "uid": "mqtt:topic:dingtianbroker:DingtianRelay8596:I7"
      },
      "configuration": {
        "properties": {}
      },
      "itemName": "DingtianRelay8596I7"
    }
  },
  "DingtianRelay8596I8 -\u003e mqtt:topic:dingtianbroker:DingtianRelay8596:I8": {
    "class": "org.openhab.core.thing.link.ItemChannelLink",
    "value": {
      "channelUID": {
        "segments": [
          "mqtt",
          "topic",
          "dingtianbroker",
          "DingtianRelay8596",
          "I8"
        ],
        "uid": "mqtt:topic:dingtianbroker:DingtianRelay8596:I8"
      },
      "configuration": {
        "properties": {}
      },
      "itemName": "DingtianRelay8596I8"
    }
  },
  "DingtianRelay8596I9 -\u003e mqtt:topic:dingtianbroker:DingtianRelay8596:I9": {
    "class": "org.openhab.core.thing.link.ItemChannelLink",
    "value": {
      "channelUID": {
        "segments": [
          "mqtt",
          "topic",
          "dingtianbroker",
          "DingtianRelay8596",
          "I9"
        ],
        "uid": "mqtt:topic:dingtianbroker:DingtianRelay8596:I9"
      },
      "configuration": {
        "properties": {}
      },
      "itemName": "DingtianRelay8596I9"
    }
  },
  "DingtianRelay8596I10 -\u003e mqtt:topic:dingtianbroker:DingtianRelay8596:I10": {
    "class": "org.openhab.core.thing.link.ItemChannelLink",
    "value": {
      "channelUID": {
        "segments": [
          "mqtt",
          "topic",
          "dingtianbroker",
          "DingtianRelay8596",
          "I10"
        ],
        "uid": "mqtt:topic:dingtianbroker:DingtianRelay8596:I10"
      },
      "configuration": {
        "properties": {}
      },
      "itemName": "DingtianRelay8596I10"
    }
  },
  "DingtianRelay8596I11 -\u003e mqtt:topic:dingtianbroker:DingtianRelay8596:I11": {
    "class": "org.openhab.core.thing.link.ItemChannelLink",
    "value": {
      "channelUID": {
        "segments": [
          "mqtt",
          "topic",
          "dingtianbroker",
          "DingtianRelay8596",
          "I11"
        ],
        "uid": "mqtt:topic:dingtianbroker:DingtianRelay8596:I11"
      },
      "configuration": {
        "properties": {}
      },
      "itemName": "DingtianRelay8596I11"
    }
  },
  "DingtianRelay8596I12 -\u003e mqtt:topic:dingtianbroker:DingtianRelay8596:I12": {
    "class": "org.openhab.core.thing.link.ItemChannelLink",
    "value": {
      "channelUID": {
        "segments": [
          "mqtt",
          "topic",
          "dingtianbroker",
          "DingtianRelay8596",
          "I12"
        ],
        "uid": "mqtt:topic:dingtianbroker:DingtianRelay8596:I12"
      },
      "configuration": {
        "properties": {}
      },
      "itemName": "DingtianRelay8596I12"
    }
  },
  "DingtianRelay8596I13 -\u003e mqtt:topic:dingtianbroker:DingtianRelay8596:I13": {
    "class": "org.openhab.core.thing.link.ItemChannelLink",
    "value": {
      "channelUID": {
        "segments": [
          "mqtt",
          "topic",
          "dingtianbroker",
          "DingtianRelay8596",
          "I13"
        ],
        "uid": "mqtt:topic:dingtianbroker:DingtianRelay8596:I13"
      },
      "configuration": {
        "properties": {}
      },
      "itemName": "DingtianRelay8596I13"
    }
  },
  "DingtianRelay8596I14 -\u003e mqtt:topic:dingtianbroker:DingtianRelay8596:I14": {
    "class": "org.openhab.core.thing.link.ItemChannelLink",
    "value": {
      "channelUID": {
        "segments": [
          "mqtt",
          "topic",
          "dingtianbroker",
          "DingtianRelay8596",
          "I14"
        ],
        "uid": "mqtt:topic:dingtianbroker:DingtianRelay8596:I14"
      },
      "configuration": {
        "properties": {}
      },
      "itemName": "DingtianRelay8596I14"
    }
  },
  "DingtianRelay8596I15 -\u003e mqtt:topic:dingtianbroker:DingtianRelay8596:I15": {
    "class": "org.openhab.core.thing.link.ItemChannelLink",
    "value": {
      "channelUID": {
        "segments": [
          "mqtt",
          "topic",
          "dingtianbroker",
          "DingtianRelay8596",
          "I15"
        ],
        "uid": "mqtt:topic:dingtianbroker:DingtianRelay8596:I15"
      },
      "configuration": {
        "properties": {}
      },
      "itemName": "DingtianRelay8596I15"
    }
  },
  "DingtianRelay8596I16 -\u003e mqtt:topic:dingtianbroker:DingtianRelay8596:I16": {
    "class": "org.openhab.core.thing.link.ItemChannelLink",
    "value": {
      "channelUID": {
        "segments": [
          "mqtt",
          "topic",
          "dingtianbroker",
          "DingtianRelay8596",
          "I16"
        ],
        "uid": "mqtt:topic:dingtianbroker:DingtianRelay8596:I16"
      },
      "configuration": {
        "properties": {}
      },
      "itemName": "DingtianRelay8596I16"
    }
  },
  "DingtianRelay8596I17 -\u003e mqtt:topic:dingtianbroker:DingtianRelay8596:I17": {
    "class": "org.openhab.core.thing.link.ItemChannelLink",
    "value": {
      "channelUID": {
        "segments": [
          "mqtt",
          "topic",
          "dingtianbroker",
          "DingtianRelay8596",
          "I17"
        ],
        "uid": "mqtt:topic:dingtianbroker:DingtianRelay8596:I17"
      },
      "configuration": {
        "properties": {}
      },
      "itemName": "DingtianRelay8596I17"
    }
  },
  "DingtianRelay8596I18 -\u003e mqtt:topic:dingtianbroker:DingtianRelay8596:I18": {
    "class": "org.openhab.core.thing.link.ItemChannelLink",
    "value": {
      "channelUID": {
        "segments": [
          "mqtt",
          "topic",
          "dingtianbroker",
          "DingtianRelay8596",
          "I18"
        ],
        "uid": "mqtt:topic:dingtianbroker:DingtianRelay8596:I18"
      },
      "configuration": {
        "properties": {}
      },
      "itemName": "DingtianRelay8596I18"
    }
  },
  "DingtianRelay8596I19 -\u003e mqtt:topic:dingtianbroker:DingtianRelay8596:I19": {
    "class": "org.openhab.core.thing.link.ItemChannelLink",
    "value": {
      "channelUID": {
        "segments": [
          "mqtt",
          "topic",
          "dingtianbroker",
          "DingtianRelay8596",
          "I19"
        ],
        "uid": "mqtt:topic:dingtianbroker:DingtianRelay8596:I19"
      },
      "configuration": {
        "properties": {}
      },
      "itemName": "DingtianRelay8596I19"
    }
  },
  "DingtianRelay8596I20 -\u003e mqtt:topic:dingtianbroker:DingtianRelay8596:I20": {
    "class": "org.openhab.core.thing.link.ItemChannelLink",
    "value": {
      "channelUID": {
        "segments": [
          "mqtt",
          "topic",
          "dingtianbroker",
          "DingtianRelay8596",
          "I20"
        ],
        "uid": "mqtt:topic:dingtianbroker:DingtianRelay8596:I20"
      },
      "configuration": {
        "properties": {}
      },
      "itemName": "DingtianRelay8596I20"
    }
  },
  "DingtianRelay8596I21 -\u003e mqtt:topic:dingtianbroker:DingtianRelay8596:I21": {
    "class": "org.openhab.core.thing.link.ItemChannelLink",
    "value": {
      "channelUID": {
        "segments": [
          "mqtt",
          "topic",
          "dingtianbroker",
          "DingtianRelay8596",
          "I21"
        ],
        "uid": "mqtt:topic:dingtianbroker:DingtianRelay8596:I21"
      },
      "configuration": {
        "properties": {}
      },
      "itemName": "DingtianRelay8596I21"
    }
  },
  "DingtianRelay8596I22 -\u003e mqtt:topic:dingtianbroker:DingtianRelay8596:I22": {
    "class": "org.openhab.core.thing.link.ItemChannelLink",
    "value": {
      "channelUID": {
        "segments": [
          "mqtt",
          "topic",
          "dingtianbroker",
          "DingtianRelay8596",
          "I22"
        ],
        "uid": "mqtt:topic:dingtianbroker:DingtianRelay8596:I22"
      },
      "configuration": {
        "properties": {}
      },
      "itemName": "DingtianRelay8596I22"
    }
  },
  "DingtianRelay8596I23 -\u003e mqtt:topic:dingtianbroker:DingtianRelay8596:I23": {
    "class": "org.openhab.core.thing.link.ItemChannelLink",
    "value": {
      "channelUID": {
        "segments": [
          "mqtt",
          "topic",
          "dingtianbroker",
          "DingtianRelay8596",
          "I23"
        ],
        "uid": "mqtt:topic:dingtianbroker:DingtianRelay8596:I23"
      },
      "configuration": {
        "properties": {}
      },
      "itemName": "DingtianRelay8596I23"
    }
  },
  "DingtianRelay8596I24 -\u003e mqtt:topic:dingtianbroker:DingtianRelay8596:I24": {
    "class": "org.openhab.core.thing.link.ItemChannelLink",
    "value": {
      "channelUID": {
        "segments": [
          "mqtt",
          "topic",
          "dingtianbroker",
          "DingtianRelay8596",
          "I24"
        ],
        "uid": "mqtt:topic:dingtianbroker:DingtianRelay8596:I24"
      },
      "configuration": {
        "properties": {}
      },
      "itemName": "DingtianRelay8596I24"
    }
  },
  "DingtianRelay8596I25 -\u003e mqtt:topic:dingtianbroker:DingtianRelay8596:I25": {
    "class": "org.openhab.core.thing.link.ItemChannelLink",
    "value": {
      "channelUID": {
        "segments": [
          "mqtt",
          "topic",
          "dingtianbroker",
          "DingtianRelay8596",
          "I25"
        ],
        "uid": "mqtt:topic:dingtianbroker:DingtianRelay8596:I25"
      },
      "configuration": {
        "properties": {}
      },
      "itemName": "DingtianRelay8596I25"
    }
  },
  "DingtianRelay8596I26 -\u003e mqtt:topic:dingtianbroker:DingtianRelay8596:I26": {
    "class": "org.openhab.core.thing.link.ItemChannelLink",
    "value": {
      "channelUID": {
        "segments": [
          "mqtt",
          "topic",
          "dingtianbroker",
          "DingtianRelay8596",
          "I26"
        ],
        "uid": "mqtt:topic:dingtianbroker:DingtianRelay8596:I26"
      },
      "configuration": {
        "properties": {}
      },
      "itemName": "DingtianRelay8596I26"
    }
  },
  "DingtianRelay8596I27 -\u003e mqtt:topic:dingtianbroker:DingtianRelay8596:I27": {
    "class": "org.openhab.core.thing.link.ItemChannelLink",
    "value": {
      "channelUID": {
        "segments": [
          "mqtt",
          "topic",
          "dingtianbroker",
          "DingtianRelay8596",
          "I27"
        ],
        "uid": "mqtt:topic:dingtianbroker:DingtianRelay8596:I27"
      },
      "configuration": {
        "properties": {}
      },
      "itemName": "DingtianRelay8596I27"
    }
  },
  "DingtianRelay8596I28 -\u003e mqtt:topic:dingtianbroker:DingtianRelay8596:I28": {
    "class": "org.openhab.core.thing.link.ItemChannelLink",
    "value": {
      "channelUID": {
        "segments": [
          "mqtt",
          "topic",
          "dingtianbroker",
          "DingtianRelay8596",
          "I28"
        ],
        "uid": "mqtt:topic:dingtianbroker:DingtianRelay8596:I28"
      },
      "configuration": {
        "properties": {}
      },
      "itemName": "DingtianRelay8596I28"
    }
  },
  "DingtianRelay8596I29 -\u003e mqtt:topic:dingtianbroker:DingtianRelay8596:I29": {
    "class": "org.openhab.core.thing.link.ItemChannelLink",
    "value": {
      "channelUID": {
        "segments": [
          "mqtt",
          "topic",
          "dingtianbroker",
          "DingtianRelay8596",
          "I29"
        ],
        "uid": "mqtt:topic:dingtianbroker:DingtianRelay8596:I29"
      },
      "configuration": {
        "properties": {}
      },
      "itemName": "DingtianRelay8596I29"
    }
  },
  "DingtianRelay8596I30 -\u003e mqtt:topic:dingtianbroker:DingtianRelay8596:I30": {
    "class": "org.openhab.core.thing.link.ItemChannelLink",
    "value": {
      "channelUID": {
        "segments": [
          "mqtt",
          "topic",
          "dingtianbroker",
          "DingtianRelay8596",
          "I30"
        ],
        "uid": "mqtt:topic:dingtianbroker:DingtianRelay8596:I30"
      },
      "configuration": {
        "properties": {}
      },
      "itemName": "DingtianRelay8596I30"
    }
  },
  "DingtianRelay8596I31 -\u003e mqtt:topic:dingtianbroker:DingtianRelay8596:I31": {
    "class": "org.openhab.core.thing.link.ItemChannelLink",
    "value": {
      "channelUID": {
        "segments": [
          "mqtt",
          "topic",
          "dingtianbroker",
          "DingtianRelay8596",
          "I31"
        ],
        "uid": "mqtt:topic:dingtianbroker:DingtianRelay8596:I31"
      },
      "configuration": {
        "properties": {}
      },
      "itemName": "DingtianRelay8596I31"
    }
  },
  "DingtianRelay8596I32 -\u003e mqtt:topic:dingtianbroker:DingtianRelay8596:I32": {
    "class": "org.openhab.core.thing.link.ItemChannelLink",
    "value": {
      "channelUID": {
        "segments": [
          "mqtt",
          "topic",
          "dingtianbroker",
          "DingtianRelay8596",
          "I32"
        ],
        "uid": "mqtt:topic:dingtianbroker:DingtianRelay8596:I32"
      },
      "configuration": {
        "properties": {}
      },
      "itemName": "DingtianRelay8596I32"
    }
  },
  "DingtianRelay8596R1 -\u003e mqtt:topic:dingtianbroker:DingtianRelay8596:R1": {
    "class": "org.openhab.core.thing.link.ItemChannelLink",
    "value": {
      "channelUID": {
        "segments": [
          "mqtt",
          "topic",
          "dingtianbroker",
          "DingtianRelay8596",
          "R1"
        ],
        "uid": "mqtt:topic:dingtianbroker:DingtianRelay8596:R1"
      },
      "configuration": {
        "properties": {}
      },
      "itemName": "DingtianRelay8596R1"
    }
  },
  "DingtianRelay8596R2 -\u003e mqtt:topic:dingtianbroker:DingtianRelay8596:R2": {
    "class": "org.openhab.core.thing.link.ItemChannelLink",
    "value": {
      "channelUID": {
        "segments": [
          "mqtt",
          "topic",
          "dingtianbroker",
          "DingtianRelay8596",
          "R2"
        ],
        "uid": "mqtt:topic:dingtianbroker:DingtianRelay8596:R2"
      },
      "configuration": {
        "properties": {}
      },
      "itemName": "DingtianRelay8596R2"
    }
  },
  "DingtianRelay8596R3 -\u003e mqtt:topic:dingtianbroker:DingtianRelay8596:R3": {
    "class": "org.openhab.core.thing.link.ItemChannelLink",
    "value": {
      "channelUID": {
        "segments": [
          "mqtt",
          "topic",
          "dingtianbroker",
          "DingtianRelay8596",
          "R3"
        ],
        "uid": "mqtt:topic:dingtianbroker:DingtianRelay8596:R3"
      },
      "configuration": {
        "properties": {}
      },
      "itemName": "DingtianRelay8596R3"
    }
  },
  "DingtianRelay8596R4 -\u003e mqtt:topic:dingtianbroker:DingtianRelay8596:R4": {
    "class": "org.openhab.core.thing.link.ItemChannelLink",
    "value": {
      "channelUID": {
        "segments": [
          "mqtt",
          "topic",
          "dingtianbroker",
          "DingtianRelay8596",
          "R4"
        ],
        "uid": "mqtt:topic:dingtianbroker:DingtianRelay8596:R4"
      },
      "configuration": {
        "properties": {}
      },
      "itemName": "DingtianRelay8596R4"
    }
  },
  "DingtianRelay8596R5 -\u003e mqtt:topic:dingtianbroker:DingtianRelay8596:R5": {
    "class": "org.openhab.core.thing.link.ItemChannelLink",
    "value": {
      "channelUID": {
        "segments": [
          "mqtt",
          "topic",
          "dingtianbroker",
          "DingtianRelay8596",
          "R5"
        ],
        "uid": "mqtt:topic:dingtianbroker:DingtianRelay8596:R5"
      },
      "configuration": {
        "properties": {}
      },
      "itemName": "DingtianRelay8596R5"
    }
  },
  "DingtianRelay8596R6 -\u003e mqtt:topic:dingtianbroker:DingtianRelay8596:R6": {
    "class": "org.openhab.core.thing.link.ItemChannelLink",
    "value": {
      "channelUID": {
        "segments": [
          "mqtt",
          "topic",
          "dingtianbroker",
          "DingtianRelay8596",
          "R6"
        ],
        "uid": "mqtt:topic:dingtianbroker:DingtianRelay8596:R6"
      },
      "configuration": {
        "properties": {}
      },
      "itemName": "DingtianRelay8596R6"
    }
  },
  "DingtianRelay8596R7 -\u003e mqtt:topic:dingtianbroker:DingtianRelay8596:R7": {
    "class": "org.openhab.core.thing.link.ItemChannelLink",
    "value": {
      "channelUID": {
        "segments": [
          "mqtt",
          "topic",
          "dingtianbroker",
          "DingtianRelay8596",
          "R7"
        ],
        "uid": "mqtt:topic:dingtianbroker:DingtianRelay8596:R7"
      },
      "configuration": {
        "properties": {}
      },
      "itemName": "DingtianRelay8596R7"
    }
  },
  "DingtianRelay8596R8 -\u003e mqtt:topic:dingtianbroker:DingtianRelay8596:R8": {
    "class": "org.openhab.core.thing.link.ItemChannelLink",
    "value": {
      "channelUID": {
        "segments": [
          "mqtt",
          "topic",
          "dingtianbroker",
          "DingtianRelay8596",
          "R8"
        ],
        "uid": "mqtt:topic:dingtianbroker:DingtianRelay8596:R8"
      },
      "configuration": {
        "properties": {}
      },
      "itemName": "DingtianRelay8596R8"
    }
  },
  "DingtianRelay8596R9 -\u003e mqtt:topic:dingtianbroker:DingtianRelay8596:R9": {
    "class": "org.openhab.core.thing.link.ItemChannelLink",
    "value": {
      "channelUID": {
        "segments": [
          "mqtt",
          "topic",
          "dingtianbroker",
          "DingtianRelay8596",
          "R9"
        ],
        "uid": "mqtt:topic:dingtianbroker:DingtianRelay8596:R9"
      },
      "configuration": {
        "properties": {}
      },
      "itemName": "DingtianRelay8596R9"
    }
  },
  "DingtianRelay8596R10 -\u003e mqtt:topic:dingtianbroker:DingtianRelay8596:R10": {
    "class": "org.openhab.core.thing.link.ItemChannelLink",
    "value": {
      "channelUID": {
        "segments": [
          "mqtt",
          "topic",
          "dingtianbroker",
          "DingtianRelay8596",
          "R10"
        ],
        "uid": "mqtt:topic:dingtianbroker:DingtianRelay8596:R10"
      },
      "configuration": {
        "properties": {}
      },
      "itemName": "DingtianRelay8596R10"
    }
  },
  "DingtianRelay8596R11 -\u003e mqtt:topic:dingtianbroker:DingtianRelay8596:R11": {
    "class": "org.openhab.core.thing.link.ItemChannelLink",
    "value": {
      "channelUID": {
        "segments": [
          "mqtt",
          "topic",
          "dingtianbroker",
          "DingtianRelay8596",
          "R11"
        ],
        "uid": "mqtt:topic:dingtianbroker:DingtianRelay8596:R11"
      },
      "configuration": {
        "properties": {}
      },
      "itemName": "DingtianRelay8596R11"
    }
  },
  "DingtianRelay8596R12 -\u003e mqtt:topic:dingtianbroker:DingtianRelay8596:R12": {
    "class": "org.openhab.core.thing.link.ItemChannelLink",
    "value": {
      "channelUID": {
        "segments": [
          "mqtt",
          "topic",
          "dingtianbroker",
          "DingtianRelay8596",
          "R12"
        ],
        "uid": "mqtt:topic:dingtianbroker:DingtianRelay8596:R12"
      },
      "configuration": {
        "properties": {}
      },
      "itemName": "DingtianRelay8596R12"
    }
  },
  "DingtianRelay8596R13 -\u003e mqtt:topic:dingtianbroker:DingtianRelay8596:R13": {
    "class": "org.openhab.core.thing.link.ItemChannelLink",
    "value": {
      "channelUID": {
        "segments": [
          "mqtt",
          "topic",
          "dingtianbroker",
          "DingtianRelay8596",
          "R13"
        ],
        "uid": "mqtt:topic:dingtianbroker:DingtianRelay8596:R13"
      },
      "configuration": {
        "properties": {}
      },
      "itemName": "DingtianRelay8596R13"
    }
  },
  "DingtianRelay8596R14 -\u003e mqtt:topic:dingtianbroker:DingtianRelay8596:R14": {
    "class": "org.openhab.core.thing.link.ItemChannelLink",
    "value": {
      "channelUID": {
        "segments": [
          "mqtt",
          "topic",
          "dingtianbroker",
          "DingtianRelay8596",
          "R14"
        ],
        "uid": "mqtt:topic:dingtianbroker:DingtianRelay8596:R14"
      },
      "configuration": {
        "properties": {}
      },
      "itemName": "DingtianRelay8596R14"
    }
  },
  "DingtianRelay8596R15 -\u003e mqtt:topic:dingtianbroker:DingtianRelay8596:R15": {
    "class": "org.openhab.core.thing.link.ItemChannelLink",
    "value": {
      "channelUID": {
        "segments": [
          "mqtt",
          "topic",
          "dingtianbroker",
          "DingtianRelay8596",
          "R15"
        ],
        "uid": "mqtt:topic:dingtianbroker:DingtianRelay8596:R15"
      },
      "configuration": {
        "properties": {}
      },
      "itemName": "DingtianRelay8596R15"
    }
  },
  "DingtianRelay8596R16 -\u003e mqtt:topic:dingtianbroker:DingtianRelay8596:R16": {
    "class": "org.openhab.core.thing.link.ItemChannelLink",
    "value": {
      "channelUID": {
        "segments": [
          "mqtt",
          "topic",
          "dingtianbroker",
          "DingtianRelay8596",
          "R16"
        ],
        "uid": "mqtt:topic:dingtianbroker:DingtianRelay8596:R16"
      },
      "configuration": {
        "properties": {}
      },
      "itemName": "DingtianRelay8596R16"
    }
  },
  "DingtianRelay8596R17 -\u003e mqtt:topic:dingtianbroker:DingtianRelay8596:R17": {
    "class": "org.openhab.core.thing.link.ItemChannelLink",
    "value": {
      "channelUID": {
        "segments": [
          "mqtt",
          "topic",
          "dingtianbroker",
          "DingtianRelay8596",
          "R17"
        ],
        "uid": "mqtt:topic:dingtianbroker:DingtianRelay8596:R17"
      },
      "configuration": {
        "properties": {}
      },
      "itemName": "DingtianRelay8596R17"
    }
  },
  "DingtianRelay8596R18 -\u003e mqtt:topic:dingtianbroker:DingtianRelay8596:R18": {
    "class": "org.openhab.core.thing.link.ItemChannelLink",
    "value": {
      "channelUID": {
        "segments": [
          "mqtt",
          "topic",
          "dingtianbroker",
          "DingtianRelay8596",
          "R18"
        ],
        "uid": "mqtt:topic:dingtianbroker:DingtianRelay8596:R18"
      },
      "configuration": {
        "properties": {}
      },
      "itemName": "DingtianRelay8596R18"
    }
  },
  "DingtianRelay8596R19 -\u003e mqtt:topic:dingtianbroker:DingtianRelay8596:R19": {
    "class": "org.openhab.core.thing.link.ItemChannelLink",
    "value": {
      "channelUID": {
        "segments": [
          "mqtt",
          "topic",
          "dingtianbroker",
          "DingtianRelay8596",
          "R19"
        ],
        "uid": "mqtt:topic:dingtianbroker:DingtianRelay8596:R19"
      },
      "configuration": {
        "properties": {}
      },
      "itemName": "DingtianRelay8596R19"
    }
  },
  "DingtianRelay8596R20 -\u003e mqtt:topic:dingtianbroker:DingtianRelay8596:R20": {
    "class": "org.openhab.core.thing.link.ItemChannelLink",
    "value": {
      "channelUID": {
        "segments": [
          "mqtt",
          "topic",
          "dingtianbroker",
          "DingtianRelay8596",
          "R20"
        ],
        "uid": "mqtt:topic:dingtianbroker:DingtianRelay8596:R20"
      },
      "configuration": {
        "properties": {}
      },
      "itemName": "DingtianRelay8596R20"
    }
  },
  "DingtianRelay8596R21 -\u003e mqtt:topic:dingtianbroker:DingtianRelay8596:R21": {
    "class": "org.openhab.core.thing.link.ItemChannelLink",
    "value": {
      "channelUID": {
        "segments": [
          "mqtt",
          "topic",
          "dingtianbroker",
          "DingtianRelay8596",
          "R21"
        ],
        "uid": "mqtt:topic:dingtianbroker:DingtianRelay8596:R21"
      },
      "configuration": {
        "properties": {}
      },
      "itemName": "DingtianRelay8596R21"
    }
  },
  "DingtianRelay8596R22 -\u003e mqtt:topic:dingtianbroker:DingtianRelay8596:R22": {
    "class": "org.openhab.core.thing.link.ItemChannelLink",
    "value": {
      "channelUID": {
        "segments": [
          "mqtt",
          "topic",
          "dingtianbroker",
          "DingtianRelay8596",
          "R22"
        ],
        "uid": "mqtt:topic:dingtianbroker:DingtianRelay8596:R22"
      },
      "configuration": {
        "properties": {}
      },
      "itemName": "DingtianRelay8596R22"
    }
  },
  "DingtianRelay8596R23 -\u003e mqtt:topic:dingtianbroker:DingtianRelay8596:R23": {
    "class": "org.openhab.core.thing.link.ItemChannelLink",
    "value": {
      "channelUID": {
        "segments": [
          "mqtt",
          "topic",
          "dingtianbroker",
          "DingtianRelay8596",
          "R23"
        ],
        "uid": "mqtt:topic:dingtianbroker:DingtianRelay8596:R23"
      },
      "configuration": {
        "properties": {}
      },
      "itemName": "DingtianRelay8596R23"
    }
  },
  "DingtianRelay8596R24 -\u003e mqtt:topic:dingtianbroker:DingtianRelay8596:R24": {
    "class": "org.openhab.core.thing.link.ItemChannelLink",
    "value": {
      "channelUID": {
        "segments": [
          "mqtt",
          "topic",
          "dingtianbroker",
          "DingtianRelay8596",
          "R24"
        ],
        "uid": "mqtt:topic:dingtianbroker:DingtianRelay8596:R24"
      },
      "configuration": {
        "properties": {}
      },
      "itemName": "DingtianRelay8596R24"
    }
  },
  "DingtianRelay8596R25 -\u003e mqtt:topic:dingtianbroker:DingtianRelay8596:R25": {
    "class": "org.openhab.core.thing.link.ItemChannelLink",
    "value": {
      "channelUID": {
        "segments": [
          "mqtt",
          "topic",
          "dingtianbroker",
          "DingtianRelay8596",
          "R25"
        ],
        "uid": "mqtt:topic:dingtianbroker:DingtianRelay8596:R25"
      },
      "configuration": {
        "properties": {}
      },
      "itemName": "DingtianRelay8596R25"
    }
  },
  "DingtianRelay8596R26 -\u003e mqtt:topic:dingtianbroker:DingtianRelay8596:R26": {
    "class": "org.openhab.core.thing.link.ItemChannelLink",
    "value": {
      "channelUID": {
        "segments": [
          "mqtt",
          "topic",
          "dingtianbroker",
          "DingtianRelay8596",
          "R26"
        ],
        "uid": "mqtt:topic:dingtianbroker:DingtianRelay8596:R26"
      },
      "configuration": {
        "properties": {}
      },
      "itemName": "DingtianRelay8596R26"
    }
  },
  "DingtianRelay8596R27 -\u003e mqtt:topic:dingtianbroker:DingtianRelay8596:R27": {
    "class": "org.openhab.core.thing.link.ItemChannelLink",
    "value": {
      "channelUID": {
        "segments": [
          "mqtt",
          "topic",
          "dingtianbroker",
          "DingtianRelay8596",
          "R27"
        ],
        "uid": "mqtt:topic:dingtianbroker:DingtianRelay8596:R27"
      },
      "configuration": {
        "properties": {}
      },
      "itemName": "DingtianRelay8596R27"
    }
  },
  "DingtianRelay8596R28 -\u003e mqtt:topic:dingtianbroker:DingtianRelay8596:R28": {
    "class": "org.openhab.core.thing.link.ItemChannelLink",
    "value": {
      "channelUID": {
        "segments": [
          "mqtt",
          "topic",
          "dingtianbroker",
          "DingtianRelay8596",
          "R28"
        ],
        "uid": "mqtt:topic:dingtianbroker:DingtianRelay8596:R28"
      },
      "configuration": {
        "properties": {}
      },
      "itemName": "DingtianRelay8596R28"
    }
  },
  "DingtianRelay8596R29 -\u003e mqtt:topic:dingtianbroker:DingtianRelay8596:R29": {
    "class": "org.openhab.core.thing.link.ItemChannelLink",
    "value": {
      "channelUID": {
        "segments": [
          "mqtt",
          "topic",
          "dingtianbroker",
          "DingtianRelay8596",
          "R29"
        ],
        "uid": "mqtt:topic:dingtianbroker:DingtianRelay8596:R29"
      },
      "configuration": {
        "properties": {}
      },
      "itemName": "DingtianRelay8596R29"
    }
  },
  "DingtianRelay8596R30 -\u003e mqtt:topic:dingtianbroker:DingtianRelay8596:R30": {
    "class": "org.openhab.core.thing.link.ItemChannelLink",
    "value": {
      "channelUID": {
        "segments": [
          "mqtt",
          "topic",
          "dingtianbroker",
          "DingtianRelay8596",
          "R30"
        ],
        "uid": "mqtt:topic:dingtianbroker:DingtianRelay8596:R30"
      },
      "configuration": {
        "properties": {}
      },
      "itemName": "DingtianRelay8596R30"
    }
  },
  "DingtianRelay8596R31 -\u003e mqtt:topic:dingtianbroker:DingtianRelay8596:R31": {
    "class": "org.openhab.core.thing.link.ItemChannelLink",
    "value": {
      "channelUID": {
        "segments": [
          "mqtt",
          "topic",
          "dingtianbroker",
          "DingtianRelay8596",
          "R31"
        ],
        "uid": "mqtt:topic:dingtianbroker:DingtianRelay8596:R31"
      },
      "configuration": {
        "properties": {}
      },
      "itemName": "DingtianRelay8596R31"
    }
  },
  "DingtianRelay8596R32 -\u003e mqtt:topic:dingtianbroker:DingtianRelay8596:R32": {
    "class": "org.openhab.core.thing.link.ItemChannelLink",
    "value": {
      "channelUID": {
        "segments": [
          "mqtt",
          "topic",
          "dingtianbroker",
          "DingtianRelay8596",
          "R32"
        ],
        "uid": "mqtt:topic:dingtianbroker:DingtianRelay8596:R32"
      },
      "configuration": {
        "properties": {}
      },
      "itemName": "DingtianRelay8596R32"
    }
  }
}