{ /* only support compressed json, must remove all formatting characters(\r\n\t\space\...), notice:the node order can't change  */
	"status": 0,
	"network": {
		"hw_ver": "V3.6J ",
		"sw_ver": "V3.1.3684A",
		"build_date": "2024/04/18 22:47:55",
		"model": "Dingtian DT-R008",
		"sn": 0,
		"time": 7727,
		"ext_module": 0,/* 0:Internal RS485, 1:RTC Module */
		"auto_reboot": {/* auto reboot every day */
			"en": 0,/* 0:disable 1:enable */
			"tz_minute": 1504, /* timezone offset from UTC, format (when "timezoneoffset">0 tz_minute="timezoneoffset",when "timezoneoffset"<0 then "-timezoneoffset" add 1024), example1 UTC-8 "timezoneoffset" is 480,result=480; example2 UTC+8 "timezoneoffset" is -480,abs(-480)->480+1024,result=1504;,you can get "timezoneoffset" from link https://www.w3docs.com/snippets/javascript/how-to-get-the-client-timezone-offset-in-javascript.html */
			"hour": 0,
			"minute": 0,
			"second": 0
		},
		"ntp_server": "pool.ntp.org",
		"hostname_add": 2,/* 0:null 1:MAC 2: SN */
		"hostname": "Dingtian-Relay",
		"http": {
			"tls": 0,
			"port": 80,
			"tls_port": 443,
			"session_en": 0, /* 0:disable 1:enable */
			"session_id": 12345678
		},
		"eth_wifi_priority": 0, /* 0:eth first, 1:wifi first */
		"eth": {
			"dhcp": 0, /* 0:disable 1:enable */
			"ip": "192.168.1.100",/* 0.0.0.0 means don't change ethernet ip info */
			"netmask": "255.255.255.0",
			"gateway": "192.168.1.1",
			"dns": "192.168.1.1",
			"r_dns": "192.168.1.1",
			"mac": "b0:34:88:00:00:00" /* 00:00:00:00:00:00 means don't change mac, others means change mac */
		},
		"sta": {
			"en": 0, /* 0:disable 1:enable */
			"rssi": 255, /* not use */
			"auth": 3, /* 0:open 1:wep 2:wpa-psk 3:wpa2-psk 4:wpa/wpa2-psk 6:wpa3-psk 7:wpa2/wpa3-psk */
			"dhcp": 0, /* 0:disable 1:enable */
			"ip": "192.168.1.97",/* 0.0.0.0 means don't change wifi ip info */
			"netmask": "255.255.255.0",
			"gateway": "192.168.1.1",
			"dns": "192.168.1.1",
			"r_dns": "192.168.1.1",
			"mac": "b2:34:88:00:00:00",
			"ssid": "you_route_ssid",
			"pass": "you_route_password"
		},
		"ap": {
			"en": 1, /* 0:disable 1:enable */
			"hide": 0, /* 0:show 1:hide */
			"ip": "192.168.7.1",
			"netmask": "255.255.255.0",
			"gateway": "192.168.7.1",
			"dns": "192.168.7.1",
			"mac": "b4:34:88:00:00:00",
			"ssid": "relay_ap_ssid",
			"pass": "relay_ap_password"
		}
	},
	"relay_connect": {
		"rs485": {
			"p": 3, /* protocol 0:Dingtian String 1:Dingtian Binary 3:Modbus-RTU 4:Modbus-ASCII 22:Dingtian Bit */
			"a": 1, /* addr: 1~255 */
			"b": 115200, /* baudrate:1200/2400/4800/9600/19200/38400/57600/115200 */
			"d_b": 8, /* databits 8:8bit */
			"s_b": 1, /* stopbits 1:1bit 2:2bit */
			"py": 0 /* parity 0:none 1:odd 2:even */
		},
		"can": {
			"p": 0, /* protocol 0:Dingtian String 1:Dingtian Binary 3:Modbus-RTU(0x03,0x06) 22:Dingtian Bit 27:Dingtian String(Loxone) 255:None */
			"id": 1, /* id 0x1~0x7ff*/
			"b": 6, /* baudrate 3:25kbps 4:50kbps 5:100kbps 6:125kbps 7:200kbps 8:250kbps 9:500kbps 10 800kbps */
			"ft": 0 /* frame type 0:standard frame 1: extended frame */
		},
		"udp1": {
			"p": 1, /* protocol 0:Dingtian String 1:Dingtian Binary 22:Dingtian Bit 5:Modbus-RTU Over UDP 6:Modbus-ASCII Over UDP 10:Modbus-UDP 12:CoAP 15:Input Mutual Control 27:Dingtian String(Loxone) 255:None */
			"s": "192.168.1.9", /* Remote Address */
			"pt": 60000, /* Remote Port */
			"l_pt": 60000 /* Local Port */
		},
		"udp2": {
			"p": 0, /* protocol 0:Dingtian String 1:Dingtian Binary 22:Dingtian Bit 5:Modbus-RTU Over UDP 6:Modbus-ASCII Over UDP 10:Modbus-UDP 12:CoAP 15:Input Mutual Control 16:Wiegand to Ethernet  27:Dingtian String(Loxone) 255:None */
			"s": "192.168.1.9", /* Remote Address */
			"pt": 60001, /* Remote Port */
			"l_pt": 60001 /* Local Port */
		},
		"tcpc": {
			"p": 7, /* protocol 0:Dingtian String 1:Dingtian Binary 22:Dingtian Bit 7:Modbus-RTU Over TCP 8:Modbus-ASCII Over TCP 9:Modbus-TCP  27:Dingtian String(Loxone) 27:Dingtian String(Loxone) 255:None */
			"s": "", /* Server Address */
			"pt": 502 /* Server Port */
		},
		"tcps": {
			"p": 9, /* protocol 0:Dingtian String 1:Dingtian Binary 22:Dingtian Bit 7:Modbus-RTU Over TCP 8:Modbus-ASCII Over TCP 9:Modbus-TCP 27:Dingtian String(Loxone) 255:None */
			"l_pt": 502 /* Local Port */
		},
		"mqtt": {
			"p": 11, /* mqtt protocol 11:MQTT 255:None */
			"t": 0, /* mqtt tls 0:disable 1:enable */
			"sh": 1, /* 0:none 1:Head slash("/") */
			"q": 1, /* qos 0:At most once 1:At least once 2:Exactly once */
			"rt": 1, /* 0:no-Retain 1:Retain */
			"ka": 120, /* mqtt-keepalive,default is 120 second */
			"lwt_ka": 120, /* mqtt-lwt-keepalive,default is 120 second */
			"s": "", /* server maxlength 63 */
			"pt": 1883, /* port */
			"un": "mqtt", /* username maxlength 63 */
			"pw": "123", /* password maxlength 63 */
			"mfr": "dingtian", /* mfr maxlength 15 */
			"area": "" /* area maxlength 15 */
		},
		"relay_pw": 0, /* relay password: 0~9999(0 no password) */
		"ka": 30, /* keepalive 1~120 second(0 close) */
		"pwr_f_rec": 0 /* Power Failure Recovery Relay 0:disable 1:enable  */
	},
	"relay_task": {
		"task_cnt": 32,
		"relay_cnt": 8,
		"tz_minute": 240, /* timezone offset from UTC, format (when "timezoneoffset">0 tz_minute="timezoneoffset",when "timezoneoffset"<0 then "-timezoneoffset" add 1024), example1 UTC-8 "timezoneoffset" is 480,result=480; example2 UTC+8 "timezoneoffset" is -480,abs(-480)->480+1024,result=1504;,you can get "timezoneoffset" from link https://www.w3docs.com/snippets/javascript/how-to-get-the-client-timezone-offset-in-javascript.html */

		/* one column map one task  */
		"en": [0, 0, 0, 0, 0, 0, 0, 0, 0, 0, 0, 0, 0, 0, 0, 0, 0, 0, 0, 0, 0, 0, 0, 0, 0, 0, 0, 0, 0, 0, 0, 0], /* 0:disable 1:enable */
		"relay": [0, 0, 0, 0, 0, 0, 0, 0, 0, 0, 0, 0, 0, 0, 0, 0, 0, 0, 0, 0, 0, 0, 0, 0, 0, 0, 0, 0, 0, 0, 0, 0], /* 0:R1 1:R2 ... */
		"mode": [1, 1, 1, 1, 1, 1, 1, 1, 1, 1, 1, 1, 1, 1, 1, 1, 1, 1, 1, 1, 1, 1, 1, 1, 1, 1, 1, 1, 1, 1, 1, 1], /* 0:ON/OFF 1:Delay 2:Jogging */
		"on/off": [1, 1, 1, 1, 1, 1, 1, 1, 1, 1, 1, 1, 1, 1, 1, 1, 1, 1, 1, 1, 1, 1, 1, 1, 1, 1, 1, 1, 1, 1, 1, 1], /* 0:OFF 1:ON */
		"time": [0, 0, 0, 0, 0, 0, 0, 0, 0, 0, 0, 0, 0, 0, 0, 0, 0, 0, 0, 0, 0, 0, 0, 0, 0, 0, 0, 0, 0, 0, 0, 0], /* delay:second count jogging:100ms count */
		"repeat": [0, 0, 0, 0, 0, 0, 0, 0, 0, 0, 0, 0, 0, 0, 0, 0, 0, 0, 0, 0, 0, 0, 0, 0, 0, 0, 0, 0, 0, 0, 0, 0], /* 0:no 1:second 2:minute 3:hour 4:day 5:week 6:month */
		"week": [0, 0, 0, 0, 0, 0, 0, 0, 0, 0, 0, 0, 0, 0, 0, 0, 0, 0, 0, 0, 0, 0, 0, 0, 0, 0, 0, 0, 0, 0, 0, 0], /* bit0~6 map to Sun~Sat */
		"s_year": [0, 0, 0, 0, 0, 0, 0, 0, 0, 0, 0, 0, 0, 0, 0, 0, 0, 0, 0, 0, 0, 0, 0, 0, 0, 0, 0, 0, 0, 0, 0, 0], /* 0~63(year from 2020) 2020:0 2021:1 ... */
		"s_month": [1, 1, 1, 1, 1, 1, 1, 1, 1, 1, 1, 1, 1, 1, 1, 1, 1, 1, 1, 1, 1, 1, 1, 1, 1, 1, 1, 1, 1, 1, 1, 1], /* 1~12 month */
		"s_day": [1, 1, 1, 1, 1, 1, 1, 1, 1, 1, 1, 1, 1, 1, 1, 1, 1, 1, 1, 1, 1, 1, 1, 1, 1, 1, 1, 1, 1, 1, 1, 1], /* 1~31 */
		"s_hour": [0, 0, 0, 0, 0, 0, 0, 0, 0, 0, 0, 0, 0, 0, 0, 0, 0, 0, 0, 0, 0, 0, 0, 0, 0, 0, 0, 0, 0, 0, 0, 0], /* 0~23 */
		"s_minute": [0, 0, 0, 0, 0, 0, 0, 0, 0, 0, 0, 0, 0, 0, 0, 0, 0, 0, 0, 0, 0, 0, 0, 0, 0, 0, 0, 0, 0, 0, 0, 0], /* 0~59 */
		"s_second": [0, 0, 0, 0, 0, 0, 0, 0, 0, 0, 0, 0, 0, 0, 0, 0, 0, 0, 0, 0, 0, 0, 0, 0, 0, 0, 0, 0, 0, 0, 0, 0], /* 0~59 */
		"interval": [0, 0, 0, 0, 0, 0, 0, 0, 0, 0, 0, 0, 0, 0, 0, 0, 0, 0, 0, 0, 0, 0, 0, 0, 0, 0, 0, 0, 0, 0, 0, 0] /* 0~63 1~59second/minute 1~24hour 1~12month 1~53week */
	},
	"input_link_relay": {
		"input_cnt": 8,
		"relay_cnt": 8,
		"input_link_relay": 1, /* 0:disable 1:enable */
		"relay_feedback_momentary_input": 1, /* 0:disable 1:enable */

		/* one column map one input  */
		"type": [1, 1, 1, 1, 1, 1, 1, 1], /* button type 0:SelfLock 1:Momentary */
		"input_debounce_ms": [40, 40, 40, 40, 40, 40, 40, 40], /* 40~65535ms */
		"active_level": [0, 0, 0, 0, 0, 0, 0, 0], /* action level 0:LOW 1:HIGH */
		"active_type": [0, 0, 0, 0, 0, 0, 0, 0], /* action type 0:ON/OFF 1:JOGGING 2:DELAY 3:FLASH 4:TOGGLE 5:MOTOR */
		"i_act_delay_r": [5, 5, 5, 5, 5, 5, 5, 5], /* input jogging(100ms count) or Delay Second count */
		"motor_up": [255, 255, 255, 255, 255, 255, 255, 255], /* only for "5:Motor" */
		"motor_down": [255, 255, 255, 255, 255, 255, 255, 255], /* only for "5:Motor" */
		/* one column subarray map one input,index is 1 means linked  */
		"on_action_on": [ /* for "0:ON/OFF 1:JOGGING 2:DELAY 3:FLASH 4:TOGGLE" action relay, 0:r1 1:r2 */
			[0],
			[1],
			[2],
			[3],
			[4],
			[5],
			[6],
			[7]
		],
		"on_action_off": [ /* for "0:ON/OFF 1:JOGGING 2:DELAY 3:FLASH 4:TOGGLE" action relay, 0:r1 1:r2 */
			[],
			[],
			[],
			[],
			[],
			[],
			[],
			[]
		],
		"off_action_on": [ /* for "0:ON/OFF 1:JOGGING 2:DELAY 3:FLASH 4:TOGGLE" action relay, 0:r1 1:r2 */
			[],
			[],
			[],
			[],
			[],
			[],
			[],
			[]
		],
		"off_action_off": [ /* for "0:ON/OFF 1:JOGGING 2:DELAY 3:FLASH 4:TOGGLE" action relay, 0:r1 1:r2 */
			[0],
			[1],
			[2],
			[3],
			[4],
			[5],
			[6],
			[7]
		]
	},
	"input_link_url": {
		"en": 0, /* 0:disable 1:enable */
		"cnt": 8, /* input cnt */
		"type": [0, 0, 0, 0, 0, 0, 0, 0], /* button type 0:SelfLock 1:Momentary */
		"active_level": [0, 0, 0, 0, 0, 0, 0, 0], /* action level 0:LOW 1:HIGH */
		"tls": [1, 1, 0, 0, 0, 0, 0, 0], /* http tls 0:disable 1:enable */
		"auth": [0, 0, 0, 0, 0, 0, 0, 0], /* auth 0:none 1:basic 2:digest */
		"server": ["www.example.com", "www.example.com", "", "", "", "", "", ""],
		"port": [443, 443, 80, 80, 80, 80, 80, 80],
		"user": ["user", "user", "", "", "", "", "", ""],
		"pass": ["pass", "pass", "", "", "", "", "", ""],
		"on_method": [0, 1, 0, 0, 0, 0, 0, 0], /* 0:GET 1:POST 2:PUT */
		"on_path": ["/get", "/post", "", "", "", "", "", ""],
		"on_body": ["", "1 post on", "", "", "", "", "", ""],
		"off_method": [1, 1, 0, 0, 0, 0, 0, 0],
		"off_path": ["/post", "/post", "", "", "", "", "", ""],
		"off_body": ["0 post off", "1 post off", "", "", "", "", "", ""]
	},
	"ir_alias": {
		"input_cnt": 8,
		"relay_cnt": 8,
		"i": ["i1-n", "", "", "", "", "", "", "i8-n"],
		"r": ["r1-n", "", "", "", "", "", "", "r8-n"]
	},
	"ip_watchdog": {
		"g_en": 0, /* global enable 0:disable 1:enable */
		"cnt": 9, /* ip_watchdog count*/
		"r_cnt": 8, /* relay count*/

		/* one column map one ip_watchdog  */
		"online": [0, 0, 0, 0, 0, 0, 0, 0, 0], /* 0:offline 1:online others:unknown */
		"en": [0, 0, 0, 0, 0, 0, 0, 0, 0], /* 0:disable 1:enable */
		"mode": [0, 0, 0, 0, 0, 0, 0, 0, 0], /* 0:Offline Reset 1:Not Recovery 2:Follow 3:Cycle Reset */
		"ip": ["8.8.8.8", "192.168.1.1", "192.168.1.2", "192.168.1.3", "192.168.1.4", "192.168.1.5", "192.168.1.6", "192.168.1.7", "192.168.1.8"],
		"relay_init": [1, 1, 1, 1, 1, 1, 1, 1, 1], /* 0:OFF 1:ON */
		"relay_toggle_s": [10, 10, 10, 10, 10, 10, 10, 10, 10], /* relay toggle second,"2:Follow" mode not use */
		"relay_toggle": [ /* toggle relay 0:r1 1:r2 */
			[0],
			[0],
			[1],
			[2],
			[3],
			[4],
			[5],
			[6],
			[7]
		],
		"ping_interval_s": [10, 10, 10, 10, 10, 10, 10, 10, 10], /* ping interval second */
		"ping_timeout_s": [1, 1, 1, 1, 1, 1, 1, 1, 1], /* ping timeout second("ping_interval_s" Must Greater than "ping_timeout_s") */
		"ping_retry_times": [12, 12, 12, 12, 12, 12, 12, 12, 12], /* ping retry times */
		"fail_retry_times": [3, 3, 3, 3, 3, 3, 3, 3, 3], /* ping fail retry reset times, only for "3:Cycle Reset" mode */
		"fail_retry_interval_s": [240, 240, 240, 240, 240, 240, 240, 240, 240] /* ping fail retry reset interval second, times only for "3:Cycle Reset" mode */
	},
	"transparent_transmission": {
		"cnt": 2,
		/* one column map one "transparent transmission" */
		"en": [0, 0], /* 0:disable 1:enable */
		"src_chan": [1, 2], /* 1:UDP1 2:UDP2 4:TCPServer-Client1 5:TCPServer-Client2 3:TCP-Client */
		"dst_chan": [0, 6] /* 0:RS485 6:CAN */
	}
}