{
  "mqtt:broker:dingtianbroker": {
    "class": "org.openhab.core.thing.internal.BridgeImpl",
    "value": {
      "label": "MQTT Broker",
      "channels": [],
      "configuration": {
        "properties": {
          "certificatepin": false,
          "clientid": "b1e677c2-577c-4678-86f6-5e0a060827b6",
          "enableDiscovery": false,
          "host": "192.168.1.9",
          "keepAlive": 60,
          "lwtQos": 1,
          "lwtRetain": true,
          "password": "123",
          "port": 1883,
          "publickeypin": false,
          "qos": 1,
          "reconnectTime": 60000,
          "secure": false,
          "username": "mqtt"
        }
      },
      "properties": {},
      "uid": {
        "segments": [
          "mqtt",
          "broker",
          "dingtianbroker"
        ],
        "uid": "mqtt:broker:dingtianbroker"
      },
      "thingTypeUID": {
        "segments": [
          "mqtt",
          "broker"
        ],
        "uid": "mqtt:broker"
      }
    }
  },
  "mqtt:topic:dingtianbroker:DingtianRelay7920": {
    "class": "org.openhab.core.thing.internal.ThingImpl",
    "value": {
      "label": "Relay7920",
      "bridgeUID": {
        "segments": [
          "mqtt",
          "broker",
          "dingtianbroker"
        ],
        "uid": "mqtt:broker:dingtianbroker"
      },
      "channels": [
        {
          "acceptedItemType": "Switch",
          "kind": "STATE",
          "uid": {
            "segments": [
              "mqtt",
              "topic",
              "dingtianbroker",
              "DingtianRelay7920",
              "R1"
            ],
            "uid": "mqtt:topic:dingtianbroker:DingtianRelay7920:R1"
          },
          "channelTypeUID": {
            "segments": [
              "mqtt",
              "switch"
            ],
            "uid": "mqtt:switch"
          },
          "label": "DingtianRelay7920-R1",
          "description": "",
          "configuration": {
            "properties": {
              "commandTopic": "/dingtian/relay7920/in/r1",
              "off": "OFF",
              "on": "ON",
              "postCommand": true,
              "qos": 1,
              "stateTopic": "/dingtian/relay7920/out/r1"
            }
          },
          "properties": {},
          "defaultTags": [],
          "autoUpdatePolicy": "DEFAULT"
        },
        {
          "acceptedItemType": "Switch",
          "kind": "STATE",
          "uid": {
            "segments": [
              "mqtt",
              "topic",
              "dingtianbroker",
              "DingtianRelay7920",
              "R2"
            ],
            "uid": "mqtt:topic:dingtianbroker:DingtianRelay7920:R2"
          },
          "channelTypeUID": {
            "segments": [
              "mqtt",
              "switch"
            ],
            "uid": "mqtt:switch"
          },
          "label": "DingtianRelay7920-R2",
          "description": "",
          "configuration": {
            "properties": {
              "commandTopic": "/dingtian/relay7920/in/r2",
              "off": "OFF",
              "on": "ON",
              "stateTopic": "/dingtian/relay7920/out/r2"
            }
          },
          "properties": {},
          "defaultTags": [],
          "autoUpdatePolicy": "DEFAULT"
        },
        {
          "acceptedItemType": "Switch",
          "kind": "STATE",
          "uid": {
            "segments": [
              "mqtt",
              "topic",
              "dingtianbroker",
              "DingtianRelay7920",
              "R3"
            ],
            "uid": "mqtt:topic:dingtianbroker:DingtianRelay7920:R3"
          },
          "channelTypeUID": {
            "segments": [
              "mqtt",
              "switch"
            ],
            "uid": "mqtt:switch"
          },
          "label": "DingtianRelay7920-R3",
          "description": "",
          "configuration": {
            "properties": {
              "commandTopic": "/dingtian/relay7920/in/r3",
              "off": "OFF",
              "on": "ON",
              "stateTopic": "/dingtian/relay7920/out/r3"
            }
          },
          "properties": {},
          "defaultTags": [],
          "autoUpdatePolicy": "DEFAULT"
        },
        {
          "acceptedItemType": "Switch",
          "kind": "STATE",
          "uid": {
            "segments": [
              "mqtt",
              "topic",
              "dingtianbroker",
              "DingtianRelay7920",
              "R4"
            ],
            "uid": "mqtt:topic:dingtianbroker:DingtianRelay7920:R4"
          },
          "channelTypeUID": {
            "segments": [
              "mqtt",
              "switch"
            ],
            "uid": "mqtt:switch"
          },
          "label": "DingtianRelay7920-R4",
          "description": "",
          "configuration": {
            "properties": {
              "commandTopic": "/dingtian/relay7920/in/r4",
              "off": "OFF",
              "on": "ON",
              "stateTopic": "/dingtian/relay7920/out/r4"
            }
          },
          "properties": {},
          "defaultTags": [],
          "autoUpdatePolicy": "DEFAULT"
        },
        {
          "acceptedItemType": "Switch",
          "kind": "STATE",
          "uid": {
            "segments": [
              "mqtt",
              "topic",
              "dingtianbroker",
              "DingtianRelay7920",
              "R5"
            ],
            "uid": "mqtt:topic:dingtianbroker:DingtianRelay7920:R5"
          },
          "channelTypeUID": {
            "segments": [
              "mqtt",
              "switch"
            ],
            "uid": "mqtt:switch"
          },
          "label": "DingtianRelay7920-R5",
          "description": "",
          "configuration": {
            "properties": {
              "commandTopic": "/dingtian/relay7920/in/r5",
              "off": "OFF",
              "on": "ON",
              "stateTopic": "/dingtian/relay7920/out/r5"
            }
          },
          "properties": {},
          "defaultTags": [],
          "autoUpdatePolicy": "DEFAULT"
        },
        {
          "acceptedItemType": "Switch",
          "kind": "STATE",
          "uid": {
            "segments": [
              "mqtt",
              "topic",
              "dingtianbroker",
              "DingtianRelay7920",
              "R6"
            ],
            "uid": "mqtt:topic:dingtianbroker:DingtianRelay7920:R6"
          },
          "channelTypeUID": {
            "segments": [
              "mqtt",
              "switch"
            ],
            "uid": "mqtt:switch"
          },
          "label": "DingtianRelay7920-R6",
          "description": "",
          "configuration": {
            "properties": {
              "commandTopic": "/dingtian/relay7920/in/r6",
              "off": "OFF",
              "on": "ON",
              "stateTopic": "/dingtian/relay7920/out/r6"
            }
          },
          "properties": {},
          "defaultTags": [],
          "autoUpdatePolicy": "DEFAULT"
        },
        {
          "acceptedItemType": "Switch",
          "kind": "STATE",
          "uid": {
            "segments": [
              "mqtt",
              "topic",
              "dingtianbroker",
              "DingtianRelay7920",
              "R7"
            ],
            "uid": "mqtt:topic:dingtianbroker:DingtianRelay7920:R7"
          },
          "channelTypeUID": {
            "segments": [
              "mqtt",
              "switch"
            ],
            "uid": "mqtt:switch"
          },
          "label": "DingtianRelay7920-R7",
          "description": "",
          "configuration": {
            "properties": {
              "commandTopic": "/dingtian/relay7920/in/r7",
              "off": "OFF",
              "on": "ON",
              "stateTopic": "/dingtian/relay7920/out/r7"
            }
          },
          "properties": {},
          "defaultTags": [],
          "autoUpdatePolicy": "DEFAULT"
        },
        {
          "acceptedItemType": "Switch",
          "kind": "STATE",
          "uid": {
            "segments": [
              "mqtt",
              "topic",
              "dingtianbroker",
              "DingtianRelay7920",
              "R8"
            ],
            "uid": "mqtt:topic:dingtianbroker:DingtianRelay7920:R8"
          },
          "channelTypeUID": {
            "segments": [
              "mqtt",
              "switch"
            ],
            "uid": "mqtt:switch"
          },
          "label": "DingtianRelay7920-R8",
          "description": "",
          "configuration": {
            "properties": {
              "commandTopic": "/dingtian/relay7920/in/r8",
              "off": "OFF",
              "on": "ON",
              "stateTopic": "/dingtian/relay7920/out/r8"
            }
          },
          "properties": {},
          "defaultTags": [],
          "autoUpdatePolicy": "DEFAULT"
        },
        {
          "acceptedItemType": "Switch",
          "kind": "STATE",
          "uid": {
            "segments": [
              "mqtt",
              "topic",
              "dingtianbroker",
              "DingtianRelay7920",
              "R9"
            ],
            "uid": "mqtt:topic:dingtianbroker:DingtianRelay7920:R9"
          },
          "channelTypeUID": {
            "segments": [
              "mqtt",
              "switch"
            ],
            "uid": "mqtt:switch"
          },
          "label": "DingtianRelay7920-R9",
          "description": "",
          "configuration": {
            "properties": {
              "commandTopic": "/dingtian/relay7920/in/r9",
              "off": "OFF",
              "on": "ON",
              "stateTopic": "/dingtian/relay7920/out/r9"
            }
          },
          "properties": {},
          "defaultTags": [],
          "autoUpdatePolicy": "DEFAULT"
        },
        {
          "acceptedItemType": "Switch",
          "kind": "STATE",
          "uid": {
            "segments": [
              "mqtt",
              "topic",
              "dingtianbroker",
              "DingtianRelay7920",
              "R10"
            ],
            "uid": "mqtt:topic:dingtianbroker:DingtianRelay7920:R10"
          },
          "channelTypeUID": {
            "segments": [
              "mqtt",
              "switch"
            ],
            "uid": "mqtt:switch"
          },
          "label": "DingtianRelay7920-R10",
          "description": "",
          "configuration": {
            "properties": {
              "commandTopic": "/dingtian/relay7920/in/r10",
              "off": "OFF",
              "on": "ON",
              "stateTopic": "/dingtian/relay7920/out/r10"
            }
          },
          "properties": {},
          "defaultTags": [],
          "autoUpdatePolicy": "DEFAULT"
        },
        {
          "acceptedItemType": "Switch",
          "kind": "STATE",
          "uid": {
            "segments": [
              "mqtt",
              "topic",
              "dingtianbroker",
              "DingtianRelay7920",
              "R11"
            ],
            "uid": "mqtt:topic:dingtianbroker:DingtianRelay7920:R11"
          },
          "channelTypeUID": {
            "segments": [
              "mqtt",
              "switch"
            ],
            "uid": "mqtt:switch"
          },
          "label": "DingtianRelay7920-R11",
          "description": "",
          "configuration": {
            "properties": {
              "commandTopic": "/dingtian/relay7920/in/r11",
              "off": "OFF",
              "on": "ON",
              "stateTopic": "/dingtian/relay7920/out/r11"
            }
          },
          "properties": {},
          "defaultTags": [],
          "autoUpdatePolicy": "DEFAULT"
        },
        {
          "acceptedItemType": "Switch",
          "kind": "STATE",
          "uid": {
            "segments": [
              "mqtt",
              "topic",
              "dingtianbroker",
              "DingtianRelay7920",
              "R12"
            ],
            "uid": "mqtt:topic:dingtianbroker:DingtianRelay7920:R12"
          },
          "channelTypeUID": {
            "segments": [
              "mqtt",
              "switch"
            ],
            "uid": "mqtt:switch"
          },
          "label": "DingtianRelay7920-R12",
          "description": "",
          "configuration": {
            "properties": {
              "commandTopic": "/dingtian/relay7920/in/r12",
              "off": "OFF",
              "on": "ON",
              "stateTopic": "/dingtian/relay7920/out/r12"
            }
          },
          "properties": {},
          "defaultTags": [],
          "autoUpdatePolicy": "DEFAULT"
        },
        {
          "acceptedItemType": "Switch",
          "kind": "STATE",
          "uid": {
            "segments": [
              "mqtt",
              "topic",
              "dingtianbroker",
              "DingtianRelay7920",
              "R13"
            ],
            "uid": "mqtt:topic:dingtianbroker:DingtianRelay7920:R13"
          },
          "channelTypeUID": {
            "segments": [
              "mqtt",
              "switch"
            ],
            "uid": "mqtt:switch"
          },
          "label": "DingtianRelay7920-R13",
          "description": "",
          "configuration": {
            "properties": {
              "commandTopic": "/dingtian/relay7920/in/r13",
              "off": "OFF",
              "on": "ON",
              "stateTopic": "/dingtian/relay7920/out/r13"
            }
          },
          "properties": {},
          "defaultTags": [],
          "autoUpdatePolicy": "DEFAULT"
        },
        {
          "acceptedItemType": "Switch",
          "kind": "STATE",
          "uid": {
            "segments": [
              "mqtt",
              "topic",
              "dingtianbroker",
              "DingtianRelay7920",
              "R14"
            ],
            "uid": "mqtt:topic:dingtianbroker:DingtianRelay7920:R14"
          },
          "channelTypeUID": {
            "segments": [
              "mqtt",
              "switch"
            ],
            "uid": "mqtt:switch"
          },
          "label": "DingtianRelay7920-R14",
          "description": "",
          "configuration": {
            "properties": {
              "commandTopic": "/dingtian/relay7920/in/r14",
              "off": "OFF",
              "on": "ON",
              "stateTopic": "/dingtian/relay7920/out/r14"
            }
          },
          "properties": {},
          "defaultTags": [],
          "autoUpdatePolicy": "DEFAULT"
        },
        {
          "acceptedItemType": "Switch",
          "kind": "STATE",
          "uid": {
            "segments": [
              "mqtt",
              "topic",
              "dingtianbroker",
              "DingtianRelay7920",
              "R15"
            ],
            "uid": "mqtt:topic:dingtianbroker:DingtianRelay7920:R15"
          },
          "channelTypeUID": {
            "segments": [
              "mqtt",
              "switch"
            ],
            "uid": "mqtt:switch"
          },
          "label": "DingtianRelay7920-R15",
          "description": "",
          "configuration": {
            "properties": {
              "commandTopic": "/dingtian/relay7920/in/r15",
              "off": "OFF",
              "on": "ON",
              "stateTopic": "/dingtian/relay7920/out/r15"
            }
          },
          "properties": {},
          "defaultTags": [],
          "autoUpdatePolicy": "DEFAULT"
        },
        {
          "acceptedItemType": "Switch",
          "kind": "STATE",
          "uid": {
            "segments": [
              "mqtt",
              "topic",
              "dingtianbroker",
              "DingtianRelay7920",
              "R16"
            ],
            "uid": "mqtt:topic:dingtianbroker:DingtianRelay7920:R16"
          },
          "channelTypeUID": {
            "segments": [
              "mqtt",
              "switch"
            ],
            "uid": "mqtt:switch"
          },
          "label": "DingtianRelay7920-R16",
          "description": "",
          "configuration": {
            "properties": {
              "commandTopic": "/dingtian/relay7920/in/r16",
              "off": "OFF",
              "on": "ON",
              "stateTopic": "/dingtian/relay7920/out/r16"
            }
          },
          "properties": {},
          "defaultTags": [],
          "autoUpdatePolicy": "DEFAULT"
        },
        {
          "acceptedItemType": "Switch",
          "kind": "STATE",
          "uid": {
            "segments": [
              "mqtt",
              "topic",
              "dingtianbroker",
              "DingtianRelay7920",
              "I1"
            ],
            "uid": "mqtt:topic:dingtianbroker:DingtianRelay7920:I1"
          },
          "channelTypeUID": {
            "segments": [
              "mqtt",
              "switch"
            ],
            "uid": "mqtt:switch"
          },
          "label": "DingtianRelay7920-I1",
          "description": "",
          "configuration": {
            "properties": {
              "stateTopic": "/dingtian/relay7920/out/i1"
            }
          },
          "properties": {},
          "defaultTags": [],
          "autoUpdatePolicy": "DEFAULT"
        },
        {
          "acceptedItemType": "Switch",
          "kind": "STATE",
          "uid": {
            "segments": [
              "mqtt",
              "topic",
              "dingtianbroker",
              "DingtianRelay7920",
              "I2"
            ],
            "uid": "mqtt:topic:dingtianbroker:DingtianRelay7920:I2"
          },
          "channelTypeUID": {
            "segments": [
              "mqtt",
              "switch"
            ],
            "uid": "mqtt:switch"
          },
          "label": "DingtianRelay7920-I2",
          "description": "",
          "configuration": {
            "properties": {
              "stateTopic": "/dingtian/relay7920/out/i2"
            }
          },
          "properties": {},
          "defaultTags": [],
          "autoUpdatePolicy": "DEFAULT"
        },
        {
          "acceptedItemType": "Switch",
          "kind": "STATE",
          "uid": {
            "segments": [
              "mqtt",
              "topic",
              "dingtianbroker",
              "DingtianRelay7920",
              "I3"
            ],
            "uid": "mqtt:topic:dingtianbroker:DingtianRelay7920:I3"
          },
          "channelTypeUID": {
            "segments": [
              "mqtt",
              "switch"
            ],
            "uid": "mqtt:switch"
          },
          "label": "DingtianRelay7920-I3",
          "description": "",
          "configuration": {
            "properties": {
              "stateTopic": "/dingtian/relay7920/out/i3"
            }
          },
          "properties": {},
          "defaultTags": [],
          "autoUpdatePolicy": "DEFAULT"
        },
        {
          "acceptedItemType": "Switch",
          "kind": "STATE",
          "uid": {
            "segments": [
              "mqtt",
              "topic",
              "dingtianbroker",
              "DingtianRelay7920",
              "I4"
            ],
            "uid": "mqtt:topic:dingtianbroker:DingtianRelay7920:I4"
          },
          "channelTypeUID": {
            "segments": [
              "mqtt",
              "switch"
            ],
            "uid": "mqtt:switch"
          },
          "label": "DingtianRelay7920-I4",
          "description": "",
          "configuration": {
            "properties": {
              "stateTopic": "/dingtian/relay7920/out/i4"
            }
          },
          "properties": {},
          "defaultTags": [],
          "autoUpdatePolicy": "DEFAULT"
        },
        {
          "acceptedItemType": "Switch",
          "kind": "STATE",
          "uid": {
            "segments": [
              "mqtt",
              "topic",
              "dingtianbroker",
              "DingtianRelay7920",
              "I5"
            ],
            "uid": "mqtt:topic:dingtianbroker:DingtianRelay7920:I5"
          },
          "channelTypeUID": {
            "segments": [
              "mqtt",
              "switch"
            ],
            "uid": "mqtt:switch"
          },
          "label": "DingtianRelay7920-I5",
          "description": "",
          "configuration": {
            "properties": {
              "stateTopic": "/dingtian/relay7920/out/i5"
            }
          },
          "properties": {},
          "defaultTags": [],
          "autoUpdatePolicy": "DEFAULT"
        },
        {
          "acceptedItemType": "Switch",
          "kind": "STATE",
          "uid": {
            "segments": [
              "mqtt",
              "topic",
              "dingtianbroker",
              "DingtianRelay7920",
              "I6"
            ],
            "uid": "mqtt:topic:dingtianbroker:DingtianRelay7920:I6"
          },
          "channelTypeUID": {
            "segments": [
              "mqtt",
              "switch"
            ],
            "uid": "mqtt:switch"
          },
          "label": "DingtianRelay7920-I6",
          "description": "",
          "configuration": {
            "properties": {
              "stateTopic": "/dingtian/relay7920/out/i6"
            }
          },
          "properties": {},
          "defaultTags": [],
          "autoUpdatePolicy": "DEFAULT"
        },
        {
          "acceptedItemType": "Switch",
          "kind": "STATE",
          "uid": {
            "segments": [
              "mqtt",
              "topic",
              "dingtianbroker",
              "DingtianRelay7920",
              "I7"
            ],
            "uid": "mqtt:topic:dingtianbroker:DingtianRelay7920:I7"
          },
          "channelTypeUID": {
            "segments": [
              "mqtt",
              "switch"
            ],
            "uid": "mqtt:switch"
          },
          "label": "DingtianRelay7920-I7",
          "description": "",
          "configuration": {
            "properties": {
              "stateTopic": "/dingtian/relay7920/out/i7"
            }
          },
          "properties": {},
          "defaultTags": [],
          "autoUpdatePolicy": "DEFAULT"
        },
        {
          "acceptedItemType": "Switch",
          "kind": "STATE",
          "uid": {
            "segments": [
              "mqtt",
              "topic",
              "dingtianbroker",
              "DingtianRelay7920",
              "I8"
            ],
            "uid": "mqtt:topic:dingtianbroker:DingtianRelay7920:I8"
          },
          "channelTypeUID": {
            "segments": [
              "mqtt",
              "switch"
            ],
            "uid": "mqtt:switch"
          },
          "label": "DingtianRelay7920-I8",
          "description": "",
          "configuration": {
            "properties": {
              "stateTopic": "/dingtian/relay7920/out/i8"
            }
          },
          "properties": {},
          "defaultTags": [],
          "autoUpdatePolicy": "DEFAULT"
        },
        {
          "acceptedItemType": "Switch",
          "kind": "STATE",
          "uid": {
            "segments": [
              "mqtt",
              "topic",
              "dingtianbroker",
              "DingtianRelay7920",
              "I9"
            ],
            "uid": "mqtt:topic:dingtianbroker:DingtianRelay7920:I9"
          },
          "channelTypeUID": {
            "segments": [
              "mqtt",
              "switch"
            ],
            "uid": "mqtt:switch"
          },
          "label": "DingtianRelay7920-I9",
          "description": "",
          "configuration": {
            "properties": {
              "stateTopic": "/dingtian/relay7920/out/i9"
            }
          },
          "properties": {},
          "defaultTags": [],
          "autoUpdatePolicy": "DEFAULT"
        },
        {
          "acceptedItemType": "Switch",
          "kind": "STATE",
          "uid": {
            "segments": [
              "mqtt",
              "topic",
              "dingtianbroker",
              "DingtianRelay7920",
              "I10"
            ],
            "uid": "mqtt:topic:dingtianbroker:DingtianRelay7920:I10"
          },
          "channelTypeUID": {
            "segments": [
              "mqtt",
              "switch"
            ],
            "uid": "mqtt:switch"
          },
          "label": "DingtianRelay7920-I10",
          "description": "",
          "configuration": {
            "properties": {
              "stateTopic": "/dingtian/relay7920/out/i10"
            }
          },
          "properties": {},
          "defaultTags": [],
          "autoUpdatePolicy": "DEFAULT"
        },
        {
          "acceptedItemType": "Switch",
          "kind": "STATE",
          "uid": {
            "segments": [
              "mqtt",
              "topic",
              "dingtianbroker",
              "DingtianRelay7920",
              "I11"
            ],
            "uid": "mqtt:topic:dingtianbroker:DingtianRelay7920:I11"
          },
          "channelTypeUID": {
            "segments": [
              "mqtt",
              "switch"
            ],
            "uid": "mqtt:switch"
          },
          "label": "DingtianRelay7920-I11",
          "description": "",
          "configuration": {
            "properties": {
              "stateTopic": "/dingtian/relay7920/out/i11"
            }
          },
          "properties": {},
          "defaultTags": [],
          "autoUpdatePolicy": "DEFAULT"
        },
        {
          "acceptedItemType": "Switch",
          "kind": "STATE",
          "uid": {
            "segments": [
              "mqtt",
              "topic",
              "dingtianbroker",
              "DingtianRelay7920",
              "I12"
            ],
            "uid": "mqtt:topic:dingtianbroker:DingtianRelay7920:I12"
          },
          "channelTypeUID": {
            "segments": [
              "mqtt",
              "switch"
            ],
            "uid": "mqtt:switch"
          },
          "label": "DingtianRelay7920-I12",
          "description": "",
          "configuration": {
            "properties": {
              "stateTopic": "/dingtian/relay7920/out/i12"
            }
          },
          "properties": {},
          "defaultTags": [],
          "autoUpdatePolicy": "DEFAULT"
        },
        {
          "acceptedItemType": "Switch",
          "kind": "STATE",
          "uid": {
            "segments": [
              "mqtt",
              "topic",
              "dingtianbroker",
              "DingtianRelay7920",
              "I13"
            ],
            "uid": "mqtt:topic:dingtianbroker:DingtianRelay7920:I13"
          },
          "channelTypeUID": {
            "segments": [
              "mqtt",
              "switch"
            ],
            "uid": "mqtt:switch"
          },
          "label": "DingtianRelay7920-I13",
          "description": "",
          "configuration": {
            "properties": {
              "stateTopic": "/dingtian/relay7920/out/i13"
            }
          },
          "properties": {},
          "defaultTags": [],
          "autoUpdatePolicy": "DEFAULT"
        },
        {
          "acceptedItemType": "Switch",
          "kind": "STATE",
          "uid": {
            "segments": [
              "mqtt",
              "topic",
              "dingtianbroker",
              "DingtianRelay7920",
              "I14"
            ],
            "uid": "mqtt:topic:dingtianbroker:DingtianRelay7920:I14"
          },
          "channelTypeUID": {
            "segments": [
              "mqtt",
              "switch"
            ],
            "uid": "mqtt:switch"
          },
          "label": "DingtianRelay7920-I14",
          "description": "",
          "configuration": {
            "properties": {
              "stateTopic": "/dingtian/relay7920/out/i14"
            }
          },
          "properties": {},
          "defaultTags": [],
          "autoUpdatePolicy": "DEFAULT"
        },
        {
          "acceptedItemType": "Switch",
          "kind": "STATE",
          "uid": {
            "segments": [
              "mqtt",
              "topic",
              "dingtianbroker",
              "DingtianRelay7920",
              "I15"
            ],
            "uid": "mqtt:topic:dingtianbroker:DingtianRelay7920:I15"
          },
          "channelTypeUID": {
            "segments": [
              "mqtt",
              "switch"
            ],
            "uid": "mqtt:switch"
          },
          "label": "DingtianRelay7920-I15",
          "description": "",
          "configuration": {
            "properties": {
              "stateTopic": "/dingtian/relay7920/out/i15"
            }
          },
          "properties": {},
          "defaultTags": [],
          "autoUpdatePolicy": "DEFAULT"
        },
        {
          "acceptedItemType": "Switch",
          "kind": "STATE",
          "uid": {
            "segments": [
              "mqtt",
              "topic",
              "dingtianbroker",
              "DingtianRelay7920",
              "I16"
            ],
            "uid": "mqtt:topic:dingtianbroker:DingtianRelay7920:I16"
          },
          "channelTypeUID": {
            "segments": [
              "mqtt",
              "switch"
            ],
            "uid": "mqtt:switch"
          },
          "label": "DingtianRelay7920-I16",
          "description": "",
          "configuration": {
            "properties": {
              "stateTopic": "/dingtian/relay7920/out/i16"
            }
          },
          "properties": {},
          "defaultTags": [],
          "autoUpdatePolicy": "DEFAULT"
        },
      ],
      "configuration": {
        "properties": {
          "availabilityTopic": "/dingtian/relay7920/out/lwt_availability",
          "payloadAvailable": "online",
          "payloadNotAvailable": "offline"
        }
      },
      "properties": {},
      "uid": {
        "segments": [
          "mqtt",
          "topic",
          "dingtianbroker",
          "DingtianRelay7920"
        ],
        "uid": "mqtt:topic:dingtianbroker:DingtianRelay7920"
      },
      "thingTypeUID": {
        "segments": [
          "mqtt",
          "topic"
        ],
        "uid": "mqtt:topic"
      }
    }
  }
}