{
  "DingtianRelay7920I1 -\u003e mqtt:topic:dingtianbroker:DingtianRelay7920:I1": {
    "class": "org.openhab.core.thing.link.ItemChannelLink",
    "value": {
      "channelUID": {
        "segments": [
          "mqtt",
          "topic",
          "dingtianbroker",
          "DingtianRelay7920",
          "I1"
        ],
        "uid": "mqtt:topic:dingtianbroker:DingtianRelay7920:I1"
      },
      "configuration": {
        "properties": {}
      },
      "itemName": "DingtianRelay7920I1"
    }
  },
  "DingtianRelay7920I2 -\u003e mqtt:topic:dingtianbroker:DingtianRelay7920:I2": {
    "class": "org.openhab.core.thing.link.ItemChannelLink",
    "value": {
      "channelUID": {
        "segments": [
          "mqtt",
          "topic",
          "dingtianbroker",
          "DingtianRelay7920",
          "I2"
        ],
        "uid": "mqtt:topic:dingtianbroker:DingtianRelay7920:I2"
      },
      "configuration": {
        "properties": {}
      },
      "itemName": "DingtianRelay7920I2"
    }
  },
  "DingtianRelay7920I3 -\u003e mqtt:topic:dingtianbroker:DingtianRelay7920:I3": {
    "class": "org.openhab.core.thing.link.ItemChannelLink",
    "value": {
      "channelUID": {
        "segments": [
          "mqtt",
          "topic",
          "dingtianbroker",
          "DingtianRelay7920",
          "I3"
        ],
        "uid": "mqtt:topic:dingtianbroker:DingtianRelay7920:I3"
      },
      "configuration": {
        "properties": {}
      },
      "itemName": "DingtianRelay7920I3"
    }
  },
  "DingtianRelay7920I4 -\u003e mqtt:topic:dingtianbroker:DingtianRelay7920:I4": {
    "class": "org.openhab.core.thing.link.ItemChannelLink",
    "value": {
      "channelUID": {
        "segments": [
          "mqtt",
          "topic",
          "dingtianbroker",
          "DingtianRelay7920",
          "I4"
        ],
        "uid": "mqtt:topic:dingtianbroker:DingtianRelay7920:I4"
      },
      "configuration": {
        "properties": {}
      },
      "itemName": "DingtianRelay7920I4"
    }
  },
  "DingtianRelay7920I5 -\u003e mqtt:topic:dingtianbroker:DingtianRelay7920:I5": {
    "class": "org.openhab.core.thing.link.ItemChannelLink",
    "value": {
      "channelUID": {
        "segments": [
          "mqtt",
          "topic",
          "dingtianbroker",
          "DingtianRelay7920",
          "I5"
        ],
        "uid": "mqtt:topic:dingtianbroker:DingtianRelay7920:I5"
      },
      "configuration": {
        "properties": {}
      },
      "itemName": "DingtianRelay7920I5"
    }
  },
  "DingtianRelay7920I6 -\u003e mqtt:topic:dingtianbroker:DingtianRelay7920:I6": {
    "class": "org.openhab.core.thing.link.ItemChannelLink",
    "value": {
      "channelUID": {
        "segments": [
          "mqtt",
          "topic",
          "dingtianbroker",
          "DingtianRelay7920",
          "I6"
        ],
        "uid": "mqtt:topic:dingtianbroker:DingtianRelay7920:I6"
      },
      "configuration": {
        "properties": {}
      },
      "itemName": "DingtianRelay7920I6"
    }
  },
  "DingtianRelay7920I7 -\u003e mqtt:topic:dingtianbroker:DingtianRelay7920:I7": {
    "class": "org.openhab.core.thing.link.ItemChannelLink",
    "value": {
      "channelUID": {
        "segments": [
          "mqtt",
          "topic",
          "dingtianbroker",
          "DingtianRelay7920",
          "I7"
        ],
        "uid": "mqtt:topic:dingtianbroker:DingtianRelay7920:I7"
      },
      "configuration": {
        "properties": {}
      },
      "itemName": "DingtianRelay7920I7"
    }
  },
  "DingtianRelay7920I8 -\u003e mqtt:topic:dingtianbroker:DingtianRelay7920:I8": {
    "class": "org.openhab.core.thing.link.ItemChannelLink",
    "value": {
      "channelUID": {
        "segments": [
          "mqtt",
          "topic",
          "dingtianbroker",
          "DingtianRelay7920",
          "I8"
        ],
        "uid": "mqtt:topic:dingtianbroker:DingtianRelay7920:I8"
      },
      "configuration": {
        "properties": {}
      },
      "itemName": "DingtianRelay7920I8"
    }
  },
  "DingtianRelay7920I9 -\u003e mqtt:topic:dingtianbroker:DingtianRelay7920:I9": {
    "class": "org.openhab.core.thing.link.ItemChannelLink",
    "value": {
      "channelUID": {
        "segments": [
          "mqtt",
          "topic",
          "dingtianbroker",
          "DingtianRelay7920",
          "I9"
        ],
        "uid": "mqtt:topic:dingtianbroker:DingtianRelay7920:I9"
      },
      "configuration": {
        "properties": {}
      },
      "itemName": "DingtianRelay7920I9"
    }
  },
  "DingtianRelay7920I10 -\u003e mqtt:topic:dingtianbroker:DingtianRelay7920:I10": {
    "class": "org.openhab.core.thing.link.ItemChannelLink",
    "value": {
      "channelUID": {
        "segments": [
          "mqtt",
          "topic",
          "dingtianbroker",
          "DingtianRelay7920",
          "I10"
        ],
        "uid": "mqtt:topic:dingtianbroker:DingtianRelay7920:I10"
      },
      "configuration": {
        "properties": {}
      },
      "itemName": "DingtianRelay7920I10"
    }
  },
  "DingtianRelay7920I11 -\u003e mqtt:topic:dingtianbroker:DingtianRelay7920:I11": {
    "class": "org.openhab.core.thing.link.ItemChannelLink",
    "value": {
      "channelUID": {
        "segments": [
          "mqtt",
          "topic",
          "dingtianbroker",
          "DingtianRelay7920",
          "I11"
        ],
        "uid": "mqtt:topic:dingtianbroker:DingtianRelay7920:I11"
      },
      "configuration": {
        "properties": {}
      },
      "itemName": "DingtianRelay7920I11"
    }
  },
  "DingtianRelay7920I12 -\u003e mqtt:topic:dingtianbroker:DingtianRelay7920:I12": {
    "class": "org.openhab.core.thing.link.ItemChannelLink",
    "value": {
      "channelUID": {
        "segments": [
          "mqtt",
          "topic",
          "dingtianbroker",
          "DingtianRelay7920",
          "I12"
        ],
        "uid": "mqtt:topic:dingtianbroker:DingtianRelay7920:I12"
      },
      "configuration": {
        "properties": {}
      },
      "itemName": "DingtianRelay7920I12"
    }
  },
  "DingtianRelay7920I13 -\u003e mqtt:topic:dingtianbroker:DingtianRelay7920:I13": {
    "class": "org.openhab.core.thing.link.ItemChannelLink",
    "value": {
      "channelUID": {
        "segments": [
          "mqtt",
          "topic",
          "dingtianbroker",
          "DingtianRelay7920",
          "I13"
        ],
        "uid": "mqtt:topic:dingtianbroker:DingtianRelay7920:I13"
      },
      "configuration": {
        "properties": {}
      },
      "itemName": "DingtianRelay7920I13"
    }
  },
  "DingtianRelay7920I14 -\u003e mqtt:topic:dingtianbroker:DingtianRelay7920:I14": {
    "class": "org.openhab.core.thing.link.ItemChannelLink",
    "value": {
      "channelUID": {
        "segments": [
          "mqtt",
          "topic",
          "dingtianbroker",
          "DingtianRelay7920",
          "I14"
        ],
        "uid": "mqtt:topic:dingtianbroker:DingtianRelay7920:I14"
      },
      "configuration": {
        "properties": {}
      },
      "itemName": "DingtianRelay7920I14"
    }
  },
  "DingtianRelay7920I15 -\u003e mqtt:topic:dingtianbroker:DingtianRelay7920:I15": {
    "class": "org.openhab.core.thing.link.ItemChannelLink",
    "value": {
      "channelUID": {
        "segments": [
          "mqtt",
          "topic",
          "dingtianbroker",
          "DingtianRelay7920",
          "I15"
        ],
        "uid": "mqtt:topic:dingtianbroker:DingtianRelay7920:I15"
      },
      "configuration": {
        "properties": {}
      },
      "itemName": "DingtianRelay7920I15"
    }
  },
  "DingtianRelay7920I16 -\u003e mqtt:topic:dingtianbroker:DingtianRelay7920:I16": {
    "class": "org.openhab.core.thing.link.ItemChannelLink",
    "value": {
      "channelUID": {
        "segments": [
          "mqtt",
          "topic",
          "dingtianbroker",
          "DingtianRelay7920",
          "I16"
        ],
        "uid": "mqtt:topic:dingtianbroker:DingtianRelay7920:I16"
      },
      "configuration": {
        "properties": {}
      },
      "itemName": "DingtianRelay7920I16"
    }
  },
  "DingtianRelay7920R1 -\u003e mqtt:topic:dingtianbroker:DingtianRelay7920:R1": {
    "class": "org.openhab.core.thing.link.ItemChannelLink",
    "value": {
      "channelUID": {
        "segments": [
          "mqtt",
          "topic",
          "dingtianbroker",
          "DingtianRelay7920",
          "R1"
        ],
        "uid": "mqtt:topic:dingtianbroker:DingtianRelay7920:R1"
      },
      "configuration": {
        "properties": {}
      },
      "itemName": "DingtianRelay7920R1"
    }
  },
  "DingtianRelay7920R2 -\u003e mqtt:topic:dingtianbroker:DingtianRelay7920:R2": {
    "class": "org.openhab.core.thing.link.ItemChannelLink",
    "value": {
      "channelUID": {
        "segments": [
          "mqtt",
          "topic",
          "dingtianbroker",
          "DingtianRelay7920",
          "R2"
        ],
        "uid": "mqtt:topic:dingtianbroker:DingtianRelay7920:R2"
      },
      "configuration": {
        "properties": {}
      },
      "itemName": "DingtianRelay7920R2"
    }
  },
  "DingtianRelay7920R3 -\u003e mqtt:topic:dingtianbroker:DingtianRelay7920:R3": {
    "class": "org.openhab.core.thing.link.ItemChannelLink",
    "value": {
      "channelUID": {
        "segments": [
          "mqtt",
          "topic",
          "dingtianbroker",
          "DingtianRelay7920",
          "R3"
        ],
        "uid": "mqtt:topic:dingtianbroker:DingtianRelay7920:R3"
      },
      "configuration": {
        "properties": {}
      },
      "itemName": "DingtianRelay7920R3"
    }
  },
  "DingtianRelay7920R4 -\u003e mqtt:topic:dingtianbroker:DingtianRelay7920:R4": {
    "class": "org.openhab.core.thing.link.ItemChannelLink",
    "value": {
      "channelUID": {
        "segments": [
          "mqtt",
          "topic",
          "dingtianbroker",
          "DingtianRelay7920",
          "R4"
        ],
        "uid": "mqtt:topic:dingtianbroker:DingtianRelay7920:R4"
      },
      "configuration": {
        "properties": {}
      },
      "itemName": "DingtianRelay7920R4"
    }
  },
  "DingtianRelay7920R5 -\u003e mqtt:topic:dingtianbroker:DingtianRelay7920:R5": {
    "class": "org.openhab.core.thing.link.ItemChannelLink",
    "value": {
      "channelUID": {
        "segments": [
          "mqtt",
          "topic",
          "dingtianbroker",
          "DingtianRelay7920",
          "R5"
        ],
        "uid": "mqtt:topic:dingtianbroker:DingtianRelay7920:R5"
      },
      "configuration": {
        "properties": {}
      },
      "itemName": "DingtianRelay7920R5"
    }
  },
  "DingtianRelay7920R6 -\u003e mqtt:topic:dingtianbroker:DingtianRelay7920:R6": {
    "class": "org.openhab.core.thing.link.ItemChannelLink",
    "value": {
      "channelUID": {
        "segments": [
          "mqtt",
          "topic",
          "dingtianbroker",
          "DingtianRelay7920",
          "R6"
        ],
        "uid": "mqtt:topic:dingtianbroker:DingtianRelay7920:R6"
      },
      "configuration": {
        "properties": {}
      },
      "itemName": "DingtianRelay7920R6"
    }
  },
  "DingtianRelay7920R7 -\u003e mqtt:topic:dingtianbroker:DingtianRelay7920:R7": {
    "class": "org.openhab.core.thing.link.ItemChannelLink",
    "value": {
      "channelUID": {
        "segments": [
          "mqtt",
          "topic",
          "dingtianbroker",
          "DingtianRelay7920",
          "R7"
        ],
        "uid": "mqtt:topic:dingtianbroker:DingtianRelay7920:R7"
      },
      "configuration": {
        "properties": {}
      },
      "itemName": "DingtianRelay7920R7"
    }
  },
  "DingtianRelay7920R8 -\u003e mqtt:topic:dingtianbroker:DingtianRelay7920:R8": {
    "class": "org.openhab.core.thing.link.ItemChannelLink",
    "value": {
      "channelUID": {
        "segments": [
          "mqtt",
          "topic",
          "dingtianbroker",
          "DingtianRelay7920",
          "R8"
        ],
        "uid": "mqtt:topic:dingtianbroker:DingtianRelay7920:R8"
      },
      "configuration": {
        "properties": {}
      },
      "itemName": "DingtianRelay7920R8"
    }
  },
  "DingtianRelay7920R9 -\u003e mqtt:topic:dingtianbroker:DingtianRelay7920:R9": {
    "class": "org.openhab.core.thing.link.ItemChannelLink",
    "value": {
      "channelUID": {
        "segments": [
          "mqtt",
          "topic",
          "dingtianbroker",
          "DingtianRelay7920",
          "R9"
        ],
        "uid": "mqtt:topic:dingtianbroker:DingtianRelay7920:R9"
      },
      "configuration": {
        "properties": {}
      },
      "itemName": "DingtianRelay7920R9"
    }
  },
  "DingtianRelay7920R10 -\u003e mqtt:topic:dingtianbroker:DingtianRelay7920:R10": {
    "class": "org.openhab.core.thing.link.ItemChannelLink",
    "value": {
      "channelUID": {
        "segments": [
          "mqtt",
          "topic",
          "dingtianbroker",
          "DingtianRelay7920",
          "R10"
        ],
        "uid": "mqtt:topic:dingtianbroker:DingtianRelay7920:R10"
      },
      "configuration": {
        "properties": {}
      },
      "itemName": "DingtianRelay7920R10"
    }
  },
  "DingtianRelay7920R11 -\u003e mqtt:topic:dingtianbroker:DingtianRelay7920:R11": {
    "class": "org.openhab.core.thing.link.ItemChannelLink",
    "value": {
      "channelUID": {
        "segments": [
          "mqtt",
          "topic",
          "dingtianbroker",
          "DingtianRelay7920",
          "R11"
        ],
        "uid": "mqtt:topic:dingtianbroker:DingtianRelay7920:R11"
      },
      "configuration": {
        "properties": {}
      },
      "itemName": "DingtianRelay7920R11"
    }
  },
  "DingtianRelay7920R12 -\u003e mqtt:topic:dingtianbroker:DingtianRelay7920:R12": {
    "class": "org.openhab.core.thing.link.ItemChannelLink",
    "value": {
      "channelUID": {
        "segments": [
          "mqtt",
          "topic",
          "dingtianbroker",
          "DingtianRelay7920",
          "R12"
        ],
        "uid": "mqtt:topic:dingtianbroker:DingtianRelay7920:R12"
      },
      "configuration": {
        "properties": {}
      },
      "itemName": "DingtianRelay7920R12"
    }
  },
  "DingtianRelay7920R13 -\u003e mqtt:topic:dingtianbroker:DingtianRelay7920:R13": {
    "class": "org.openhab.core.thing.link.ItemChannelLink",
    "value": {
      "channelUID": {
        "segments": [
          "mqtt",
          "topic",
          "dingtianbroker",
          "DingtianRelay7920",
          "R13"
        ],
        "uid": "mqtt:topic:dingtianbroker:DingtianRelay7920:R13"
      },
      "configuration": {
        "properties": {}
      },
      "itemName": "DingtianRelay7920R13"
    }
  },
  "DingtianRelay7920R14 -\u003e mqtt:topic:dingtianbroker:DingtianRelay7920:R14": {
    "class": "org.openhab.core.thing.link.ItemChannelLink",
    "value": {
      "channelUID": {
        "segments": [
          "mqtt",
          "topic",
          "dingtianbroker",
          "DingtianRelay7920",
          "R14"
        ],
        "uid": "mqtt:topic:dingtianbroker:DingtianRelay7920:R14"
      },
      "configuration": {
        "properties": {}
      },
      "itemName": "DingtianRelay7920R14"
    }
  },
  "DingtianRelay7920R15 -\u003e mqtt:topic:dingtianbroker:DingtianRelay7920:R15": {
    "class": "org.openhab.core.thing.link.ItemChannelLink",
    "value": {
      "channelUID": {
        "segments": [
          "mqtt",
          "topic",
          "dingtianbroker",
          "DingtianRelay7920",
          "R15"
        ],
        "uid": "mqtt:topic:dingtianbroker:DingtianRelay7920:R15"
      },
      "configuration": {
        "properties": {}
      },
      "itemName": "DingtianRelay7920R15"
    }
  },
  "DingtianRelay7920R16 -\u003e mqtt:topic:dingtianbroker:DingtianRelay7920:R16": {
    "class": "org.openhab.core.thing.link.ItemChannelLink",
    "value": {
      "channelUID": {
        "segments": [
          "mqtt",
          "topic",
          "dingtianbroker",
          "DingtianRelay7920",
          "R16"
        ],
        "uid": "mqtt:topic:dingtianbroker:DingtianRelay7920:R16"
      },
      "configuration": {
        "properties": {}
      },
      "itemName": "DingtianRelay7920R16"
    }
  }
}