{
  "DingtianRelay7920I1": {
    "class": "org.openhab.core.items.ManagedItemProvider$PersistedItem",
    "value": {
      "groupNames": [],
      "itemType": "Switch",
      "tags": [
        "Point"
      ],
      "label": "DingtianRelay7920-I1",
      "category": ""
    }
  },
  "DingtianRelay7920I2": {
    "class": "org.openhab.core.items.ManagedItemProvider$PersistedItem",
    "value": {
      "groupNames": [],
      "itemType": "Switch",
      "tags": [
        "Point"
      ],
      "label": "DingtianRelay7920-I2",
      "category": ""
    }
  },
  "DingtianRelay7920I3": {
    "class": "org.openhab.core.items.ManagedItemProvider$PersistedItem",
    "value": {
      "groupNames": [],
      "itemType": "Switch",
      "tags": [
        "Point"
      ],
      "label": "DingtianRelay7920-I3",
      "category": ""
    }
  },
  "DingtianRelay7920I4": {
    "class": "org.openhab.core.items.ManagedItemProvider$PersistedItem",
    "value": {
      "groupNames": [],
      "itemType": "Switch",
      "tags": [
        "Point"
      ],
      "label": "DingtianRelay7920-I4",
      "category": ""
    }
  },
  "DingtianRelay7920I5": {
    "class": "org.openhab.core.items.ManagedItemProvider$PersistedItem",
    "value": {
      "groupNames": [],
      "itemType": "Switch",
      "tags": [
        "Point"
      ],
      "label": "DingtianRelay7920-I5",
      "category": ""
    }
  },
  "DingtianRelay7920I6": {
    "class": "org.openhab.core.items.ManagedItemProvider$PersistedItem",
    "value": {
      "groupNames": [],
      "itemType": "Switch",
      "tags": [
        "Point"
      ],
      "label": "DingtianRelay7920-I6",
      "category": ""
    }
  },
  "DingtianRelay7920I7": {
    "class": "org.openhab.core.items.ManagedItemProvider$PersistedItem",
    "value": {
      "groupNames": [],
      "itemType": "Switch",
      "tags": [
        "Point"
      ],
      "label": "DingtianRelay7920-I7",
      "category": ""
    }
  },
  "DingtianRelay7920I8": {
    "class": "org.openhab.core.items.ManagedItemProvider$PersistedItem",
    "value": {
      "groupNames": [],
      "itemType": "Switch",
      "tags": [
        "Point"
      ],
      "label": "DingtianRelay7920-I8",
      "category": ""
    }
  },
  "DingtianRelay7920I9": {
    "class": "org.openhab.core.items.ManagedItemProvider$PersistedItem",
    "value": {
      "groupNames": [],
      "itemType": "Switch",
      "tags": [
        "Point"
      ],
      "label": "DingtianRelay7920-I9",
      "category": ""
    }
  },
  "DingtianRelay7920I10": {
    "class": "org.openhab.core.items.ManagedItemProvider$PersistedItem",
    "value": {
      "groupNames": [],
      "itemType": "Switch",
      "tags": [
        "Point"
      ],
      "label": "DingtianRelay7920-I10",
      "category": ""
    }
  },
  "DingtianRelay7920I11": {
    "class": "org.openhab.core.items.ManagedItemProvider$PersistedItem",
    "value": {
      "groupNames": [],
      "itemType": "Switch",
      "tags": [
        "Point"
      ],
      "label": "DingtianRelay7920-I11",
      "category": ""
    }
  },
  "DingtianRelay7920I12": {
    "class": "org.openhab.core.items.ManagedItemProvider$PersistedItem",
    "value": {
      "groupNames": [],
      "itemType": "Switch",
      "tags": [
        "Point"
      ],
      "label": "DingtianRelay7920-I12",
      "category": ""
    }
  },
  "DingtianRelay7920I13": {
    "class": "org.openhab.core.items.ManagedItemProvider$PersistedItem",
    "value": {
      "groupNames": [],
      "itemType": "Switch",
      "tags": [
        "Point"
      ],
      "label": "DingtianRelay7920-I13",
      "category": ""
    }
  },
  "DingtianRelay7920I14": {
    "class": "org.openhab.core.items.ManagedItemProvider$PersistedItem",
    "value": {
      "groupNames": [],
      "itemType": "Switch",
      "tags": [
        "Point"
      ],
      "label": "DingtianRelay7920-I14",
      "category": ""
    }
  },
  "DingtianRelay7920I15": {
    "class": "org.openhab.core.items.ManagedItemProvider$PersistedItem",
    "value": {
      "groupNames": [],
      "itemType": "Switch",
      "tags": [
        "Point"
      ],
      "label": "DingtianRelay7920-I15",
      "category": ""
    }
  },
  "DingtianRelay7920I16": {
    "class": "org.openhab.core.items.ManagedItemProvider$PersistedItem",
    "value": {
      "groupNames": [],
      "itemType": "Switch",
      "tags": [
        "Point"
      ],
      "label": "DingtianRelay7920-I16",
      "category": ""
    }
  },
  "DingtianRelay7920R1": {
    "class": "org.openhab.core.items.ManagedItemProvider$PersistedItem",
    "value": {
      "groupNames": [],
      "itemType": "Switch",
      "tags": [
        "Point"
      ],
      "label": "DingtianRelay7920-R1",
      "category": ""
    }
  },
  "DingtianRelay7920R2": {
    "class": "org.openhab.core.items.ManagedItemProvider$PersistedItem",
    "value": {
      "groupNames": [],
      "itemType": "Switch",
      "tags": [
        "Point"
      ],
      "label": "DingtianRelay7920-R2",
      "category": ""
    }
  },
  "DingtianRelay7920R3": {
    "class": "org.openhab.core.items.ManagedItemProvider$PersistedItem",
    "value": {
      "groupNames": [],
      "itemType": "Switch",
      "tags": [
        "Point"
      ],
      "label": "DingtianRelay7920-R3",
      "category": ""
    }
  },
  "DingtianRelay7920R4": {
    "class": "org.openhab.core.items.ManagedItemProvider$PersistedItem",
    "value": {
      "groupNames": [],
      "itemType": "Switch",
      "tags": [
        "Point"
      ],
      "label": "DingtianRelay7920-R4",
      "category": ""
    }
  },
  "DingtianRelay7920R5": {
    "class": "org.openhab.core.items.ManagedItemProvider$PersistedItem",
    "value": {
      "groupNames": [],
      "itemType": "Switch",
      "tags": [
        "Point"
      ],
      "label": "DingtianRelay7920-R5",
      "category": ""
    }
  },
  "DingtianRelay7920R6": {
    "class": "org.openhab.core.items.ManagedItemProvider$PersistedItem",
    "value": {
      "groupNames": [],
      "itemType": "Switch",
      "tags": [
        "Point"
      ],
      "label": "DingtianRelay7920-R6",
      "category": ""
    }
  },
  "DingtianRelay7920R7": {
    "class": "org.openhab.core.items.ManagedItemProvider$PersistedItem",
    "value": {
      "groupNames": [],
      "itemType": "Switch",
      "tags": [
        "Point"
      ],
      "label": "DingtianRelay7920-R7",
      "category": ""
    }
  },
  "DingtianRelay7920R8": {
    "class": "org.openhab.core.items.ManagedItemProvider$PersistedItem",
    "value": {
      "groupNames": [],
      "itemType": "Switch",
      "tags": [
        "Point"
      ],
      "label": "DingtianRelay7920-R8",
      "category": ""
    }
  },
  "DingtianRelay7920R9": {
    "class": "org.openhab.core.items.ManagedItemProvider$PersistedItem",
    "value": {
      "groupNames": [],
      "itemType": "Switch",
      "tags": [
        "Point"
      ],
      "label": "DingtianRelay7920-R9",
      "category": ""
    }
  },
  "DingtianRelay7920R10": {
    "class": "org.openhab.core.items.ManagedItemProvider$PersistedItem",
    "value": {
      "groupNames": [],
      "itemType": "Switch",
      "tags": [
        "Point"
      ],
      "label": "DingtianRelay7920-R10",
      "category": ""
    }
  },
  "DingtianRelay7920R11": {
    "class": "org.openhab.core.items.ManagedItemProvider$PersistedItem",
    "value": {
      "groupNames": [],
      "itemType": "Switch",
      "tags": [
        "Point"
      ],
      "label": "DingtianRelay7920-R11",
      "category": ""
    }
  },
  "DingtianRelay7920R12": {
    "class": "org.openhab.core.items.ManagedItemProvider$PersistedItem",
    "value": {
      "groupNames": [],
      "itemType": "Switch",
      "tags": [
        "Point"
      ],
      "label": "DingtianRelay7920-R12",
      "category": ""
    }
  },
  "DingtianRelay7920R13": {
    "class": "org.openhab.core.items.ManagedItemProvider$PersistedItem",
    "value": {
      "groupNames": [],
      "itemType": "Switch",
      "tags": [
        "Point"
      ],
      "label": "DingtianRelay7920-R13",
      "category": ""
    }
  },
  "DingtianRelay7920R14": {
    "class": "org.openhab.core.items.ManagedItemProvider$PersistedItem",
    "value": {
      "groupNames": [],
      "itemType": "Switch",
      "tags": [
        "Point"
      ],
      "label": "DingtianRelay7920-R14",
      "category": ""
    }
  },
  "DingtianRelay7920R15": {
    "class": "org.openhab.core.items.ManagedItemProvider$PersistedItem",
    "value": {
      "groupNames": [],
      "itemType": "Switch",
      "tags": [
        "Point"
      ],
      "label": "DingtianRelay7920-R15",
      "category": ""
    }
  },
  "DingtianRelay7920R16": {
    "class": "org.openhab.core.items.ManagedItemProvider$PersistedItem",
    "value": {
      "groupNames": [],
      "itemType": "Switch",
      "tags": [
        "Point"
      ],
      "label": "DingtianRelay7920-R16",
      "category": ""
    }
  }
}