[{"id":"63b8d2c4.c0b72c","type":"tab","label":"Flow 1","disabled":false,"info":""},{"id":"b80da51a.e9df88","type":"inject","z":"63b8d2c4.c0b72c","name":"Read Register 0","props":[{"p":"payload"},{"p":"topic","vt":"str"}],"repeat":"1","crontab":"","once":false,"onceDelay":0.1,"topic":"","payload":"","payloadType":"date","x":130,"y":240,"wires":[["15aae45b.b0db2c"]]},{"id":"15aae45b.b0db2c","type":"function","z":"63b8d2c4.c0b72c","name":"Read_Val","func":"msg.payload = {\n    'fc' : 3,\n    'unitid' : 1,\n    'address' : 0,\n    'quantity' : 1\n};\nreturn msg;","outputs":1,"noerr":0,"initialize":"","finalize":"","libs":[],"x":320,"y":240,"wires":[["db0d349c.ebfbb8"]]},{"id":"db0d349c.ebfbb8","type":"modbus-flex-getter","z":"63b8d2c4.c0b72c","name":"","showStatusActivities":false,"showErrors":false,"logIOActivities":false,"server":"98970a3050192af7","useIOFile":false,"ioFile":"","useIOForPayload":false,"emptyMsgOnFail":false,"keepMsgProperties":false,"x":490,"y":240,"wires":[["a45e7fe5.f5dea"],[]]},{"id":"a45e7fe5.f5dea","type":"debug","z":"63b8d2c4.c0b72c","name":"","active":true,"tosidebar":true,"console":true,"tostatus":true,"complete":"payload","targetType":"msg","statusVal":"payload","statusType":"auto","x":700,"y":240,"wires":[]},{"id":"1dd7a4d2.0bc71b","type":"inject","z":"63b8d2c4.c0b72c","name":"Relay 1","props":[{"p":"payload"},{"p":"topic","vt":"str"}],"repeat":"","crontab":"","once":false,"onceDelay":0.1,"topic":"","payload":"","payloadType":"date","x":90,"y":400,"wires":[["34a8f90c.dfed16"]]},{"id":"34a8f90c.dfed16","type":"function","z":"63b8d2c4.c0b72c","name":"On","func":"msg.payload = {\n    'value' : 257,\n    'fc' : 6,\n    'unitid' : 1,\n    'address' : 2,\n    'quantity' : 1\n};\nreturn msg;\n\n","outputs":1,"noerr":0,"initialize":"","finalize":"","libs":[],"x":310,"y":400,"wires":[["8a58329c.efda8"]]},{"id":"1c1a1739.e0c899","type":"function","z":"63b8d2c4.c0b72c","name":"Off","func":"msg.payload = {\n    'value' : 256,\n    'fc' : 6,\n    'unitid' : 1,\n    'address' : 2,\n    'quantity' : 1\n};\nreturn msg;","outputs":1,"noerr":0,"initialize":"","finalize":"","libs":[],"x":310,"y":440,"wires":[["8a58329c.efda8"]]},{"id":"3ede0e6b.3caba2","type":"inject","z":"63b8d2c4.c0b72c","name":"Relay 1","props":[{"p":"payload"},{"p":"topic","vt":"str"}],"repeat":"","crontab":"","once":false,"onceDelay":0.1,"topic":"","payload":"","payloadType":"date","x":90,"y":440,"wires":[["1c1a1739.e0c899"]]},{"id":"8a58329c.efda8","type":"modbus-flex-write","z":"63b8d2c4.c0b72c","name":"","showStatusActivities":true,"showErrors":true,"server":"98970a3050192af7","emptyMsgOnFail":false,"keepMsgProperties":false,"x":490,"y":420,"wires":[["da2dcd55.c2d2a"],[]]},{"id":"da2dcd55.c2d2a","type":"debug","z":"63b8d2c4.c0b72c","name":"","active":true,"tosidebar":true,"console":true,"tostatus":true,"complete":"payload","targetType":"msg","statusVal":"payload","statusType":"auto","x":700,"y":420,"wires":[]},{"id":"1cc5fa8c.5c1125","type":"comment","z":"63b8d2c4.c0b72c","name":"Read Digital I/O","info":"","x":160,"y":180,"wires":[]},{"id":"39efc19f.fa39ae","type":"comment","z":"63b8d2c4.c0b72c","name":"Write Digital I/O (Register 3)","info":"","x":200,"y":360,"wires":[]},{"id":"6c15caeb860b79d0","type":"inject","z":"63b8d2c4.c0b72c","name":"Read Register 1","props":[{"p":"payload"},{"p":"topic","vt":"str"}],"repeat":"1","crontab":"","once":false,"onceDelay":"1","topic":"","payload":"","payloadType":"date","x":130,"y":300,"wires":[["e7d03bb78455bcca"]]},{"id":"e7d03bb78455bcca","type":"function","z":"63b8d2c4.c0b72c","name":"Read_Val","func":"msg.payload = {\n    'fc' : 3,\n    'unitid' : 1,\n    'address' : 1,\n    'quantity' : 1\n};\nreturn msg;","outputs":1,"noerr":0,"initialize":"","finalize":"","libs":[],"x":320,"y":300,"wires":[["f96326b40b388c6e"]]},{"id":"f96326b40b388c6e","type":"modbus-flex-getter","z":"63b8d2c4.c0b72c","name":"","showStatusActivities":false,"showErrors":false,"logIOActivities":false,"server":"98970a3050192af7","useIOFile":false,"ioFile":"","useIOForPayload":false,"emptyMsgOnFail":false,"keepMsgProperties":false,"x":490,"y":300,"wires":[["4e66930a68c75259"],[]]},{"id":"4e66930a68c75259","type":"debug","z":"63b8d2c4.c0b72c","name":"","active":true,"tosidebar":true,"console":true,"tostatus":true,"complete":"payload","targetType":"msg","statusVal":"payload","statusType":"auto","x":700,"y":300,"wires":[]},{"id":"fee6a3a214bb194f","type":"inject","z":"63b8d2c4.c0b72c","name":"relay 2","props":[{"p":"payload"},{"p":"topic","vt":"str"}],"repeat":"","crontab":"","once":false,"onceDelay":0.1,"topic":"","payload":"","payloadType":"date","x":90,"y":500,"wires":[["2746c7c77eb203b4"]]},{"id":"2746c7c77eb203b4","type":"function","z":"63b8d2c4.c0b72c","name":"On","func":"msg.payload = {\n    'value' : 514,\n    'fc' : 6,\n    'unitid' : 1,\n    'address' : 2,\n    'quantity' : 1\n};\nreturn msg;\n\n","outputs":1,"noerr":0,"initialize":"","finalize":"","libs":[],"x":310,"y":500,"wires":[["1b45b679f5843322"]]},{"id":"ff9422c4c414d112","type":"function","z":"63b8d2c4.c0b72c","name":"Off","func":"msg.payload = {\n    'value' : 512,\n    'fc' : 6,\n    'unitid' : 1,\n    'address' : 2,\n    'quantity' : 1\n};\nreturn msg;","outputs":1,"noerr":0,"initialize":"","finalize":"","libs":[],"x":310,"y":540,"wires":[["1b45b679f5843322"]]},{"id":"776a2e35c5712787","type":"inject","z":"63b8d2c4.c0b72c","name":"relay 2","props":[{"p":"payload"},{"p":"topic","vt":"str"}],"repeat":"","crontab":"","once":false,"onceDelay":0.1,"topic":"","payload":"","payloadType":"date","x":90,"y":540,"wires":[["ff9422c4c414d112"]]},{"id":"1b45b679f5843322","type":"modbus-flex-write","z":"63b8d2c4.c0b72c","name":"","showStatusActivities":true,"showErrors":true,"server":"98970a3050192af7","emptyMsgOnFail":false,"keepMsgProperties":false,"x":490,"y":520,"wires":[["1d9cf9df43ee47b3"],[]]},{"id":"1d9cf9df43ee47b3","type":"debug","z":"63b8d2c4.c0b72c","name":"","active":true,"tosidebar":true,"console":true,"tostatus":true,"complete":"payload","targetType":"msg","statusVal":"payload","statusType":"auto","x":700,"y":520,"wires":[]},{"id":"b7217ccb9d9f8d55","type":"inject","z":"63b8d2c4.c0b72c","name":"relay 3","props":[{"p":"payload"},{"p":"topic","vt":"str"}],"repeat":"","crontab":"","once":false,"onceDelay":0.1,"topic":"","payload":"","payloadType":"date","x":90,"y":600,"wires":[["c1b4d0210c8ca44a"]]},{"id":"c1b4d0210c8ca44a","type":"function","z":"63b8d2c4.c0b72c","name":"On","func":"msg.payload = {\n    'value' : 1028,\n    'fc' : 6,\n    'unitid' : 1,\n    'address' : 2,\n    'quantity' : 1\n};\nreturn msg;\n\n","outputs":1,"noerr":0,"initialize":"","finalize":"","libs":[],"x":310,"y":600,"wires":[["f8edb847fb978a02"]]},{"id":"f99dd2b7dfd4ccb9","type":"function","z":"63b8d2c4.c0b72c","name":"Off","func":"msg.payload = {\n    'value' : 1024,\n    'fc' : 6,\n    'unitid' : 1,\n    'address' : 2,\n    'quantity' : 1\n};\nreturn msg;","outputs":1,"noerr":0,"initialize":"","finalize":"","libs":[],"x":310,"y":640,"wires":[["f8edb847fb978a02"]]},{"id":"4d34133a9384f78e","type":"inject","z":"63b8d2c4.c0b72c","name":"relay 3","props":[{"p":"payload"},{"p":"topic","vt":"str"}],"repeat":"","crontab":"","once":false,"onceDelay":0.1,"topic":"","payload":"","payloadType":"date","x":90,"y":640,"wires":[["f99dd2b7dfd4ccb9"]]},{"id":"f8edb847fb978a02","type":"modbus-flex-write","z":"63b8d2c4.c0b72c","name":"","showStatusActivities":true,"showErrors":true,"server":"98970a3050192af7","emptyMsgOnFail":false,"keepMsgProperties":false,"x":490,"y":620,"wires":[["c120910b4a784646"],[]]},{"id":"c120910b4a784646","type":"debug","z":"63b8d2c4.c0b72c","name":"","active":true,"tosidebar":true,"console":true,"tostatus":true,"complete":"payload","targetType":"msg","statusVal":"payload","statusType":"auto","x":700,"y":620,"wires":[]},{"id":"4905c4ebf34c5cb0","type":"inject","z":"63b8d2c4.c0b72c","name":"relay 4","props":[{"p":"payload"},{"p":"topic","vt":"str"}],"repeat":"","crontab":"","once":false,"onceDelay":0.1,"topic":"","payload":"","payloadType":"date","x":90,"y":700,"wires":[["d4088b42ce14d4fa"]]},{"id":"d4088b42ce14d4fa","type":"function","z":"63b8d2c4.c0b72c","name":"On","func":"msg.payload = {\n    'value' : 2056,\n    'fc' : 6,\n    'unitid' : 1,\n    'address' : 2,\n    'quantity' : 1\n};\nreturn msg;\n\n","outputs":1,"noerr":0,"initialize":"","finalize":"","libs":[],"x":310,"y":700,"wires":[["1e51b9518ca6f516"]]},{"id":"4c46f17d872709d6","type":"function","z":"63b8d2c4.c0b72c","name":"Off","func":"msg.payload = {\n    'value' : 2048,\n    'fc' : 6,\n    'unitid' : 1,\n    'address' : 2,\n    'quantity' : 1\n};\nreturn msg;","outputs":1,"noerr":0,"initialize":"","finalize":"","libs":[],"x":310,"y":740,"wires":[["1e51b9518ca6f516"]]},{"id":"2a4f70dc92b175cf","type":"inject","z":"63b8d2c4.c0b72c","name":"relay 4","props":[{"p":"payload"},{"p":"topic","vt":"str"}],"repeat":"","crontab":"","once":false,"onceDelay":0.1,"topic":"","payload":"","payloadType":"date","x":90,"y":740,"wires":[["4c46f17d872709d6"]]},{"id":"1e51b9518ca6f516","type":"modbus-flex-write","z":"63b8d2c4.c0b72c","name":"","showStatusActivities":true,"showErrors":true,"server":"98970a3050192af7","emptyMsgOnFail":false,"keepMsgProperties":false,"x":490,"y":720,"wires":[["3d6806d984150fba"],[]]},{"id":"3d6806d984150fba","type":"debug","z":"63b8d2c4.c0b72c","name":"","active":true,"tosidebar":true,"console":true,"tostatus":true,"complete":"payload","targetType":"msg","statusVal":"payload","statusType":"auto","x":700,"y":720,"wires":[]},{"id":"98970a3050192af7","type":"modbus-client","name":"Dingtian IOT Relay","clienttype":"tcp","bufferCommands":true,"stateLogEnabled":false,"queueLogEnabled":false,"tcpHost":"192.168.0.211","tcpPort":"502","tcpType":"DEFAULT","serialPort":"/dev/ttyUSB","serialType":"RTU-BUFFERD","serialBaudrate":"9600","serialDatabits":"8","serialStopbits":"1","serialParity":"none","serialConnectionDelay":"100","serialAsciiResponseStartDelimiter":"0x3A","unit_id":1,"commandDelay":1,"clientTimeout":1000,"reconnectOnTimeout":true,"reconnectTimeout":2000,"parallelUnitIdsAllowed":true}]