{
  "DingtianRelay7920I1 -\u003e mqtt:topic:dingtianbroker:DingtianRelay7920:I1": {
    "class": "org.openhab.core.thing.link.ItemChannelLink",
    "value": {
      "channelUID": {
        "segments": [
          "mqtt",
          "topic",
          "dingtianbroker",
          "DingtianRelay7920",
          "I1"
        ],
        "uid": "mqtt:topic:dingtianbroker:DingtianRelay7920:I1"
      },
      "configuration": {
        "properties": {}
      },
      "itemName": "DingtianRelay7920I1"
    }
  },
  "DingtianRelay7920I2 -\u003e mqtt:topic:dingtianbroker:DingtianRelay7920:I2": {
    "class": "org.openhab.core.thing.link.ItemChannelLink",
    "value": {
      "channelUID": {
        "segments": [
          "mqtt",
          "topic",
          "dingtianbroker",
          "DingtianRelay7920",
          "I2"
        ],
        "uid": "mqtt:topic:dingtianbroker:DingtianRelay7920:I2"
      },
      "configuration": {
        "properties": {}
      },
      "itemName": "DingtianRelay7920I2"
    }
  },
  "DingtianRelay7920I3 -\u003e mqtt:topic:dingtianbroker:DingtianRelay7920:I3": {
    "class": "org.openhab.core.thing.link.ItemChannelLink",
    "value": {
      "channelUID": {
        "segments": [
          "mqtt",
          "topic",
          "dingtianbroker",
          "DingtianRelay7920",
          "I3"
        ],
        "uid": "mqtt:topic:dingtianbroker:DingtianRelay7920:I3"
      },
      "configuration": {
        "properties": {}
      },
      "itemName": "DingtianRelay7920I3"
    }
  },
  "DingtianRelay7920I4 -\u003e mqtt:topic:dingtianbroker:DingtianRelay7920:I4": {
    "class": "org.openhab.core.thing.link.ItemChannelLink",
    "value": {
      "channelUID": {
        "segments": [
          "mqtt",
          "topic",
          "dingtianbroker",
          "DingtianRelay7920",
          "I4"
        ],
        "uid": "mqtt:topic:dingtianbroker:DingtianRelay7920:I4"
      },
      "configuration": {
        "properties": {}
      },
      "itemName": "DingtianRelay7920I4"
    }
  },
  "DingtianRelay7920R1 -\u003e mqtt:topic:dingtianbroker:DingtianRelay7920:R1": {
    "class": "org.openhab.core.thing.link.ItemChannelLink",
    "value": {
      "channelUID": {
        "segments": [
          "mqtt",
          "topic",
          "dingtianbroker",
          "DingtianRelay7920",
          "R1"
        ],
        "uid": "mqtt:topic:dingtianbroker:DingtianRelay7920:R1"
      },
      "configuration": {
        "properties": {}
      },
      "itemName": "DingtianRelay7920R1"
    }
  },
  "DingtianRelay7920R2 -\u003e mqtt:topic:dingtianbroker:DingtianRelay7920:R2": {
    "class": "org.openhab.core.thing.link.ItemChannelLink",
    "value": {
      "channelUID": {
        "segments": [
          "mqtt",
          "topic",
          "dingtianbroker",
          "DingtianRelay7920",
          "R2"
        ],
        "uid": "mqtt:topic:dingtianbroker:DingtianRelay7920:R2"
      },
      "configuration": {
        "properties": {}
      },
      "itemName": "DingtianRelay7920R2"
    }
  },
  "DingtianRelay7920R3 -\u003e mqtt:topic:dingtianbroker:DingtianRelay7920:R3": {
    "class": "org.openhab.core.thing.link.ItemChannelLink",
    "value": {
      "channelUID": {
        "segments": [
          "mqtt",
          "topic",
          "dingtianbroker",
          "DingtianRelay7920",
          "R3"
        ],
        "uid": "mqtt:topic:dingtianbroker:DingtianRelay7920:R3"
      },
      "configuration": {
        "properties": {}
      },
      "itemName": "DingtianRelay7920R3"
    }
  },
  "DingtianRelay7920R4 -\u003e mqtt:topic:dingtianbroker:DingtianRelay7920:R4": {
    "class": "org.openhab.core.thing.link.ItemChannelLink",
    "value": {
      "channelUID": {
        "segments": [
          "mqtt",
          "topic",
          "dingtianbroker",
          "DingtianRelay7920",
          "R4"
        ],
        "uid": "mqtt:topic:dingtianbroker:DingtianRelay7920:R4"
      },
      "configuration": {
        "properties": {}
      },
      "itemName": "DingtianRelay7920R4"
    }
  }
}