{
  "DingtianRelay7920I1": {
    "class": "org.openhab.core.items.ManagedItemProvider$PersistedItem",
    "value": {
      "groupNames": [],
      "itemType": "Switch",
      "tags": [
        "Point"
      ],
      "label": "DingtianRelay7920-I1",
      "category": ""
    }
  },
  "DingtianRelay7920I2": {
    "class": "org.openhab.core.items.ManagedItemProvider$PersistedItem",
    "value": {
      "groupNames": [],
      "itemType": "Switch",
      "tags": [
        "Point"
      ],
      "label": "DingtianRelay7920-I2",
      "category": ""
    }
  },
  "DingtianRelay7920I3": {
    "class": "org.openhab.core.items.ManagedItemProvider$PersistedItem",
    "value": {
      "groupNames": [],
      "itemType": "Switch",
      "tags": [
        "Point"
      ],
      "label": "DingtianRelay7920-I3",
      "category": ""
    }
  },
  "DingtianRelay7920I4": {
    "class": "org.openhab.core.items.ManagedItemProvider$PersistedItem",
    "value": {
      "groupNames": [],
      "itemType": "Switch",
      "tags": [
        "Point"
      ],
      "label": "DingtianRelay7920-I4",
      "category": ""
    }
  },
  "DingtianRelay7920R1": {
    "class": "org.openhab.core.items.ManagedItemProvider$PersistedItem",
    "value": {
      "groupNames": [],
      "itemType": "Switch",
      "tags": [
        "Point"
      ],
      "label": "DingtianRelay7920-R1",
      "category": ""
    }
  },
  "DingtianRelay7920R2": {
    "class": "org.openhab.core.items.ManagedItemProvider$PersistedItem",
    "value": {
      "groupNames": [],
      "itemType": "Switch",
      "tags": [
        "Point"
      ],
      "label": "DingtianRelay7920-R2",
      "category": ""
    }
  },
  "DingtianRelay7920R3": {
    "class": "org.openhab.core.items.ManagedItemProvider$PersistedItem",
    "value": {
      "groupNames": [],
      "itemType": "Switch",
      "tags": [
        "Point"
      ],
      "label": "DingtianRelay7920-R3",
      "category": ""
    }
  },
  "DingtianRelay7920R4": {
    "class": "org.openhab.core.items.ManagedItemProvider$PersistedItem",
    "value": {
      "groupNames": [],
      "itemType": "Switch",
      "tags": [
        "Point"
      ],
      "label": "DingtianRelay7920-R4",
      "category": ""
    }
  }
}