{
  "DingtianRelay7920I1": {
    "class": "org.openhab.core.items.ManagedItemProvider$PersistedItem",
    "value": {
      "groupNames": [],
      "itemType": "Switch",
      "tags": [
        "Point"
      ],
      "label": "DingtianRelay7920-I01",
      "category": ""
    }
  },
  "DingtianRelay7920I2": {
    "class": "org.openhab.core.items.ManagedItemProvider$PersistedItem",
    "value": {
      "groupNames": [],
      "itemType": "Switch",
      "tags": [
        "Point"
      ],
      "label": "DingtianRelay7920-I02",
      "category": ""
    }
  },
  "DingtianRelay7920I3": {
    "class": "org.openhab.core.items.ManagedItemProvider$PersistedItem",
    "value": {
      "groupNames": [],
      "itemType": "Switch",
      "tags": [
        "Point"
      ],
      "label": "DingtianRelay7920-I03",
      "category": ""
    }
  },
  "DingtianRelay7920I4": {
    "class": "org.openhab.core.items.ManagedItemProvider$PersistedItem",
    "value": {
      "groupNames": [],
      "itemType": "Switch",
      "tags": [
        "Point"
      ],
      "label": "DingtianRelay7920-I04",
      "category": ""
    }
  },
  "DingtianRelay7920I5": {
    "class": "org.openhab.core.items.ManagedItemProvider$PersistedItem",
    "value": {
      "groupNames": [],
      "itemType": "Switch",
      "tags": [
        "Point"
      ],
      "label": "DingtianRelay7920-I05",
      "category": ""
    }
  },
  "DingtianRelay7920I6": {
    "class": "org.openhab.core.items.ManagedItemProvider$PersistedItem",
    "value": {
      "groupNames": [],
      "itemType": "Switch",
      "tags": [
        "Point"
      ],
      "label": "DingtianRelay7920-I06",
      "category": ""
    }
  },
  "DingtianRelay7920I7": {
    "class": "org.openhab.core.items.ManagedItemProvider$PersistedItem",
    "value": {
      "groupNames": [],
      "itemType": "Switch",
      "tags": [
        "Point"
      ],
      "label": "DingtianRelay7920-I07",
      "category": ""
    }
  },
  "DingtianRelay7920I8": {
    "class": "org.openhab.core.items.ManagedItemProvider$PersistedItem",
    "value": {
      "groupNames": [],
      "itemType": "Switch",
      "tags": [
        "Point"
      ],
      "label": "DingtianRelay7920-I08",
      "category": ""
    }
  },
  "DingtianRelay7920I9": {
    "class": "org.openhab.core.items.ManagedItemProvider$PersistedItem",
    "value": {
      "groupNames": [],
      "itemType": "Switch",
      "tags": [
        "Point"
      ],
      "label": "DingtianRelay7920-I09",
      "category": ""
    }
  },
  "DingtianRelay7920I10": {
    "class": "org.openhab.core.items.ManagedItemProvider$PersistedItem",
    "value": {
      "groupNames": [],
      "itemType": "Switch",
      "tags": [
        "Point"
      ],
      "label": "DingtianRelay7920-I10",
      "category": ""
    }
  },
  "DingtianRelay7920I11": {
    "class": "org.openhab.core.items.ManagedItemProvider$PersistedItem",
    "value": {
      "groupNames": [],
      "itemType": "Switch",
      "tags": [
        "Point"
      ],
      "label": "DingtianRelay7920-I11",
      "category": ""
    }
  },
  "DingtianRelay7920I12": {
    "class": "org.openhab.core.items.ManagedItemProvider$PersistedItem",
    "value": {
      "groupNames": [],
      "itemType": "Switch",
      "tags": [
        "Point"
      ],
      "label": "DingtianRelay7920-I12",
      "category": ""
    }
  },
  "DingtianRelay7920I13": {
    "class": "org.openhab.core.items.ManagedItemProvider$PersistedItem",
    "value": {
      "groupNames": [],
      "itemType": "Switch",
      "tags": [
        "Point"
      ],
      "label": "DingtianRelay7920-I13",
      "category": ""
    }
  },
  "DingtianRelay7920I14": {
    "class": "org.openhab.core.items.ManagedItemProvider$PersistedItem",
    "value": {
      "groupNames": [],
      "itemType": "Switch",
      "tags": [
        "Point"
      ],
      "label": "DingtianRelay7920-I14",
      "category": ""
    }
  },
  "DingtianRelay7920I15": {
    "class": "org.openhab.core.items.ManagedItemProvider$PersistedItem",
    "value": {
      "groupNames": [],
      "itemType": "Switch",
      "tags": [
        "Point"
      ],
      "label": "DingtianRelay7920-I15",
      "category": ""
    }
  },
  "DingtianRelay7920I16": {
    "class": "org.openhab.core.items.ManagedItemProvider$PersistedItem",
    "value": {
      "groupNames": [],
      "itemType": "Switch",
      "tags": [
        "Point"
      ],
      "label": "DingtianRelay7920-I16",
      "category": ""
    }
  },
  "DingtianRelay7920I17": {
    "class": "org.openhab.core.items.ManagedItemProvider$PersistedItem",
    "value": {
      "groupNames": [],
      "itemType": "Switch",
      "tags": [
        "Point"
      ],
      "label": "DingtianRelay7920-I17",
      "category": ""
    }
  },
  "DingtianRelay7920I18": {
    "class": "org.openhab.core.items.ManagedItemProvider$PersistedItem",
    "value": {
      "groupNames": [],
      "itemType": "Switch",
      "tags": [
        "Point"
      ],
      "label": "DingtianRelay7920-I18",
      "category": ""
    }
  },
  "DingtianRelay7920I19": {
    "class": "org.openhab.core.items.ManagedItemProvider$PersistedItem",
    "value": {
      "groupNames": [],
      "itemType": "Switch",
      "tags": [
        "Point"
      ],
      "label": "DingtianRelay7920-I19",
      "category": ""
    }
  },
  "DingtianRelay7920I20": {
    "class": "org.openhab.core.items.ManagedItemProvider$PersistedItem",
    "value": {
      "groupNames": [],
      "itemType": "Switch",
      "tags": [
        "Point"
      ],
      "label": "DingtianRelay7920-I20",
      "category": ""
    }
  },
  "DingtianRelay7920I21": {
    "class": "org.openhab.core.items.ManagedItemProvider$PersistedItem",
    "value": {
      "groupNames": [],
      "itemType": "Switch",
      "tags": [
        "Point"
      ],
      "label": "DingtianRelay7920-I21",
      "category": ""
    }
  },
  "DingtianRelay7920I22": {
    "class": "org.openhab.core.items.ManagedItemProvider$PersistedItem",
    "value": {
      "groupNames": [],
      "itemType": "Switch",
      "tags": [
        "Point"
      ],
      "label": "DingtianRelay7920-I22",
      "category": ""
    }
  },
  "DingtianRelay7920I23": {
    "class": "org.openhab.core.items.ManagedItemProvider$PersistedItem",
    "value": {
      "groupNames": [],
      "itemType": "Switch",
      "tags": [
        "Point"
      ],
      "label": "DingtianRelay7920-I23",
      "category": ""
    }
  },
  "DingtianRelay7920I24": {
    "class": "org.openhab.core.items.ManagedItemProvider$PersistedItem",
    "value": {
      "groupNames": [],
      "itemType": "Switch",
      "tags": [
        "Point"
      ],
      "label": "DingtianRelay7920-I24",
      "category": ""
    }
  },
  "DingtianRelay7920I25": {
    "class": "org.openhab.core.items.ManagedItemProvider$PersistedItem",
    "value": {
      "groupNames": [],
      "itemType": "Switch",
      "tags": [
        "Point"
      ],
      "label": "DingtianRelay7920-I25",
      "category": ""
    }
  },
  "DingtianRelay7920I26": {
    "class": "org.openhab.core.items.ManagedItemProvider$PersistedItem",
    "value": {
      "groupNames": [],
      "itemType": "Switch",
      "tags": [
        "Point"
      ],
      "label": "DingtianRelay7920-I26",
      "category": ""
    }
  },
  "DingtianRelay7920I27": {
    "class": "org.openhab.core.items.ManagedItemProvider$PersistedItem",
    "value": {
      "groupNames": [],
      "itemType": "Switch",
      "tags": [
        "Point"
      ],
      "label": "DingtianRelay7920-I27",
      "category": ""
    }
  },
  "DingtianRelay7920I28": {
    "class": "org.openhab.core.items.ManagedItemProvider$PersistedItem",
    "value": {
      "groupNames": [],
      "itemType": "Switch",
      "tags": [
        "Point"
      ],
      "label": "DingtianRelay7920-I28",
      "category": ""
    }
  },
  "DingtianRelay7920I29": {
    "class": "org.openhab.core.items.ManagedItemProvider$PersistedItem",
    "value": {
      "groupNames": [],
      "itemType": "Switch",
      "tags": [
        "Point"
      ],
      "label": "DingtianRelay7920-I29",
      "category": ""
    }
  },
  "DingtianRelay7920I30": {
    "class": "org.openhab.core.items.ManagedItemProvider$PersistedItem",
    "value": {
      "groupNames": [],
      "itemType": "Switch",
      "tags": [
        "Point"
      ],
      "label": "DingtianRelay7920-I30",
      "category": ""
    }
  },
  "DingtianRelay7920I31": {
    "class": "org.openhab.core.items.ManagedItemProvider$PersistedItem",
    "value": {
      "groupNames": [],
      "itemType": "Switch",
      "tags": [
        "Point"
      ],
      "label": "DingtianRelay7920-I31",
      "category": ""
    }
  },
  "DingtianRelay7920I32": {
    "class": "org.openhab.core.items.ManagedItemProvider$PersistedItem",
    "value": {
      "groupNames": [],
      "itemType": "Switch",
      "tags": [
        "Point"
      ],
      "label": "DingtianRelay7920-I32",
      "category": ""
    }
  },
  "DingtianRelay7920R1": {
    "class": "org.openhab.core.items.ManagedItemProvider$PersistedItem",
    "value": {
      "groupNames": [],
      "itemType": "Switch",
      "tags": [
        "Point"
      ],
      "label": "DingtianRelay7920-R01",
      "category": ""
    }
  },
  "DingtianRelay7920R2": {
    "class": "org.openhab.core.items.ManagedItemProvider$PersistedItem",
    "value": {
      "groupNames": [],
      "itemType": "Switch",
      "tags": [
        "Point"
      ],
      "label": "DingtianRelay7920-R02",
      "category": ""
    }
  },
  "DingtianRelay7920R3": {
    "class": "org.openhab.core.items.ManagedItemProvider$PersistedItem",
    "value": {
      "groupNames": [],
      "itemType": "Switch",
      "tags": [
        "Point"
      ],
      "label": "DingtianRelay7920-R03",
      "category": ""
    }
  },
  "DingtianRelay7920R4": {
    "class": "org.openhab.core.items.ManagedItemProvider$PersistedItem",
    "value": {
      "groupNames": [],
      "itemType": "Switch",
      "tags": [
        "Point"
      ],
      "label": "DingtianRelay7920-R04",
      "category": ""
    }
  },
  "DingtianRelay7920R5": {
    "class": "org.openhab.core.items.ManagedItemProvider$PersistedItem",
    "value": {
      "groupNames": [],
      "itemType": "Switch",
      "tags": [
        "Point"
      ],
      "label": "DingtianRelay7920-R05",
      "category": ""
    }
  },
  "DingtianRelay7920R6": {
    "class": "org.openhab.core.items.ManagedItemProvider$PersistedItem",
    "value": {
      "groupNames": [],
      "itemType": "Switch",
      "tags": [
        "Point"
      ],
      "label": "DingtianRelay7920-R06",
      "category": ""
    }
  },
  "DingtianRelay7920R7": {
    "class": "org.openhab.core.items.ManagedItemProvider$PersistedItem",
    "value": {
      "groupNames": [],
      "itemType": "Switch",
      "tags": [
        "Point"
      ],
      "label": "DingtianRelay7920-R07",
      "category": ""
    }
  },
  "DingtianRelay7920R8": {
    "class": "org.openhab.core.items.ManagedItemProvider$PersistedItem",
    "value": {
      "groupNames": [],
      "itemType": "Switch",
      "tags": [
        "Point"
      ],
      "label": "DingtianRelay7920-R08",
      "category": ""
    }
  },
  "DingtianRelay7920R9": {
    "class": "org.openhab.core.items.ManagedItemProvider$PersistedItem",
    "value": {
      "groupNames": [],
      "itemType": "Switch",
      "tags": [
        "Point"
      ],
      "label": "DingtianRelay7920-R09",
      "category": ""
    }
  },
  "DingtianRelay7920R10": {
    "class": "org.openhab.core.items.ManagedItemProvider$PersistedItem",
    "value": {
      "groupNames": [],
      "itemType": "Switch",
      "tags": [
        "Point"
      ],
      "label": "DingtianRelay7920-R10",
      "category": ""
    }
  },
  "DingtianRelay7920R11": {
    "class": "org.openhab.core.items.ManagedItemProvider$PersistedItem",
    "value": {
      "groupNames": [],
      "itemType": "Switch",
      "tags": [
        "Point"
      ],
      "label": "DingtianRelay7920-R11",
      "category": ""
    }
  },
  "DingtianRelay7920R12": {
    "class": "org.openhab.core.items.ManagedItemProvider$PersistedItem",
    "value": {
      "groupNames": [],
      "itemType": "Switch",
      "tags": [
        "Point"
      ],
      "label": "DingtianRelay7920-R12",
      "category": ""
    }
  },
  "DingtianRelay7920R13": {
    "class": "org.openhab.core.items.ManagedItemProvider$PersistedItem",
    "value": {
      "groupNames": [],
      "itemType": "Switch",
      "tags": [
        "Point"
      ],
      "label": "DingtianRelay7920-R13",
      "category": ""
    }
  },
  "DingtianRelay7920R14": {
    "class": "org.openhab.core.items.ManagedItemProvider$PersistedItem",
    "value": {
      "groupNames": [],
      "itemType": "Switch",
      "tags": [
        "Point"
      ],
      "label": "DingtianRelay7920-R14",
      "category": ""
    }
  },
  "DingtianRelay7920R15": {
    "class": "org.openhab.core.items.ManagedItemProvider$PersistedItem",
    "value": {
      "groupNames": [],
      "itemType": "Switch",
      "tags": [
        "Point"
      ],
      "label": "DingtianRelay7920-R15",
      "category": ""
    }
  },
  "DingtianRelay7920R16": {
    "class": "org.openhab.core.items.ManagedItemProvider$PersistedItem",
    "value": {
      "groupNames": [],
      "itemType": "Switch",
      "tags": [
        "Point"
      ],
      "label": "DingtianRelay7920-R16",
      "category": ""
    }
  },
  "DingtianRelay7920R17": {
    "class": "org.openhab.core.items.ManagedItemProvider$PersistedItem",
    "value": {
      "groupNames": [],
      "itemType": "Switch",
      "tags": [
        "Point"
      ],
      "label": "DingtianRelay7920-R17",
      "category": ""
    }
  },
  "DingtianRelay7920R18": {
    "class": "org.openhab.core.items.ManagedItemProvider$PersistedItem",
    "value": {
      "groupNames": [],
      "itemType": "Switch",
      "tags": [
        "Point"
      ],
      "label": "DingtianRelay7920-R18",
      "category": ""
    }
  },
  "DingtianRelay7920R19": {
    "class": "org.openhab.core.items.ManagedItemProvider$PersistedItem",
    "value": {
      "groupNames": [],
      "itemType": "Switch",
      "tags": [
        "Point"
      ],
      "label": "DingtianRelay7920-R19",
      "category": ""
    }
  },
  "DingtianRelay7920R20": {
    "class": "org.openhab.core.items.ManagedItemProvider$PersistedItem",
    "value": {
      "groupNames": [],
      "itemType": "Switch",
      "tags": [
        "Point"
      ],
      "label": "DingtianRelay7920-R20",
      "category": ""
    }
  },
  "DingtianRelay7920R21": {
    "class": "org.openhab.core.items.ManagedItemProvider$PersistedItem",
    "value": {
      "groupNames": [],
      "itemType": "Switch",
      "tags": [
        "Point"
      ],
      "label": "DingtianRelay7920-R21",
      "category": ""
    }
  },
  "DingtianRelay7920R22": {
    "class": "org.openhab.core.items.ManagedItemProvider$PersistedItem",
    "value": {
      "groupNames": [],
      "itemType": "Switch",
      "tags": [
        "Point"
      ],
      "label": "DingtianRelay7920-R22",
      "category": ""
    }
  },
  "DingtianRelay7920R23": {
    "class": "org.openhab.core.items.ManagedItemProvider$PersistedItem",
    "value": {
      "groupNames": [],
      "itemType": "Switch",
      "tags": [
        "Point"
      ],
      "label": "DingtianRelay7920-R23",
      "category": ""
    }
  },
  "DingtianRelay7920R24": {
    "class": "org.openhab.core.items.ManagedItemProvider$PersistedItem",
    "value": {
      "groupNames": [],
      "itemType": "Switch",
      "tags": [
        "Point"
      ],
      "label": "DingtianRelay7920-R24",
      "category": ""
    }
  },
  "DingtianRelay7920R25": {
    "class": "org.openhab.core.items.ManagedItemProvider$PersistedItem",
    "value": {
      "groupNames": [],
      "itemType": "Switch",
      "tags": [
        "Point"
      ],
      "label": "DingtianRelay7920-R25",
      "category": ""
    }
  },
  "DingtianRelay7920R26": {
    "class": "org.openhab.core.items.ManagedItemProvider$PersistedItem",
    "value": {
      "groupNames": [],
      "itemType": "Switch",
      "tags": [
        "Point"
      ],
      "label": "DingtianRelay7920-R26",
      "category": ""
    }
  },
  "DingtianRelay7920R27": {
    "class": "org.openhab.core.items.ManagedItemProvider$PersistedItem",
    "value": {
      "groupNames": [],
      "itemType": "Switch",
      "tags": [
        "Point"
      ],
      "label": "DingtianRelay7920-R27",
      "category": ""
    }
  },
  "DingtianRelay7920R28": {
    "class": "org.openhab.core.items.ManagedItemProvider$PersistedItem",
    "value": {
      "groupNames": [],
      "itemType": "Switch",
      "tags": [
        "Point"
      ],
      "label": "DingtianRelay7920-R28",
      "category": ""
    }
  },
  "DingtianRelay7920R29": {
    "class": "org.openhab.core.items.ManagedItemProvider$PersistedItem",
    "value": {
      "groupNames": [],
      "itemType": "Switch",
      "tags": [
        "Point"
      ],
      "label": "DingtianRelay7920-R29",
      "category": ""
    }
  },
  "DingtianRelay7920R30": {
    "class": "org.openhab.core.items.ManagedItemProvider$PersistedItem",
    "value": {
      "groupNames": [],
      "itemType": "Switch",
      "tags": [
        "Point"
      ],
      "label": "DingtianRelay7920-R30",
      "category": ""
    }
  },
  "DingtianRelay7920R31": {
    "class": "org.openhab.core.items.ManagedItemProvider$PersistedItem",
    "value": {
      "groupNames": [],
      "itemType": "Switch",
      "tags": [
        "Point"
      ],
      "label": "DingtianRelay7920-R31",
      "category": ""
    }
  },
  "DingtianRelay7920R32": {
    "class": "org.openhab.core.items.ManagedItemProvider$PersistedItem",
    "value": {
      "groupNames": [],
      "itemType": "Switch",
      "tags": [
        "Point"
      ],
      "label": "DingtianRelay7920-R32",
      "category": ""
    }
  }
}