{
  "DingtianRelay7920I1 -\u003e mqtt:topic:dingtianbroker:DingtianRelay7920:I1": {
    "class": "org.openhab.core.thing.link.ItemChannelLink",
    "value": {
      "channelUID": {
        "segments": [
          "mqtt",
          "topic",
          "dingtianbroker",
          "DingtianRelay7920",
          "I1"
        ],
        "uid": "mqtt:topic:dingtianbroker:DingtianRelay7920:I1"
      },
      "configuration": {
        "properties": {}
      },
      "itemName": "DingtianRelay7920I1"
    }
  },
  "DingtianRelay7920I2 -\u003e mqtt:topic:dingtianbroker:DingtianRelay7920:I2": {
    "class": "org.openhab.core.thing.link.ItemChannelLink",
    "value": {
      "channelUID": {
        "segments": [
          "mqtt",
          "topic",
          "dingtianbroker",
          "DingtianRelay7920",
          "I2"
        ],
        "uid": "mqtt:topic:dingtianbroker:DingtianRelay7920:I2"
      },
      "configuration": {
        "properties": {}
      },
      "itemName": "DingtianRelay7920I2"
    }
  },
  "DingtianRelay7920I3 -\u003e mqtt:topic:dingtianbroker:DingtianRelay7920:I3": {
    "class": "org.openhab.core.thing.link.ItemChannelLink",
    "value": {
      "channelUID": {
        "segments": [
          "mqtt",
          "topic",
          "dingtianbroker",
          "DingtianRelay7920",
          "I3"
        ],
        "uid": "mqtt:topic:dingtianbroker:DingtianRelay7920:I3"
      },
      "configuration": {
        "properties": {}
      },
      "itemName": "DingtianRelay7920I3"
    }
  },
  "DingtianRelay7920I4 -\u003e mqtt:topic:dingtianbroker:DingtianRelay7920:I4": {
    "class": "org.openhab.core.thing.link.ItemChannelLink",
    "value": {
      "channelUID": {
        "segments": [
          "mqtt",
          "topic",
          "dingtianbroker",
          "DingtianRelay7920",
          "I4"
        ],
        "uid": "mqtt:topic:dingtianbroker:DingtianRelay7920:I4"
      },
      "configuration": {
        "properties": {}
      },
      "itemName": "DingtianRelay7920I4"
    }
  },
  "DingtianRelay7920I5 -\u003e mqtt:topic:dingtianbroker:DingtianRelay7920:I5": {
    "class": "org.openhab.core.thing.link.ItemChannelLink",
    "value": {
      "channelUID": {
        "segments": [
          "mqtt",
          "topic",
          "dingtianbroker",
          "DingtianRelay7920",
          "I5"
        ],
        "uid": "mqtt:topic:dingtianbroker:DingtianRelay7920:I5"
      },
      "configuration": {
        "properties": {}
      },
      "itemName": "DingtianRelay7920I5"
    }
  },
  "DingtianRelay7920I6 -\u003e mqtt:topic:dingtianbroker:DingtianRelay7920:I6": {
    "class": "org.openhab.core.thing.link.ItemChannelLink",
    "value": {
      "channelUID": {
        "segments": [
          "mqtt",
          "topic",
          "dingtianbroker",
          "DingtianRelay7920",
          "I6"
        ],
        "uid": "mqtt:topic:dingtianbroker:DingtianRelay7920:I6"
      },
      "configuration": {
        "properties": {}
      },
      "itemName": "DingtianRelay7920I6"
    }
  },
  "DingtianRelay7920I7 -\u003e mqtt:topic:dingtianbroker:DingtianRelay7920:I7": {
    "class": "org.openhab.core.thing.link.ItemChannelLink",
    "value": {
      "channelUID": {
        "segments": [
          "mqtt",
          "topic",
          "dingtianbroker",
          "DingtianRelay7920",
          "I7"
        ],
        "uid": "mqtt:topic:dingtianbroker:DingtianRelay7920:I7"
      },
      "configuration": {
        "properties": {}
      },
      "itemName": "DingtianRelay7920I7"
    }
  },
  "DingtianRelay7920I8 -\u003e mqtt:topic:dingtianbroker:DingtianRelay7920:I8": {
    "class": "org.openhab.core.thing.link.ItemChannelLink",
    "value": {
      "channelUID": {
        "segments": [
          "mqtt",
          "topic",
          "dingtianbroker",
          "DingtianRelay7920",
          "I8"
        ],
        "uid": "mqtt:topic:dingtianbroker:DingtianRelay7920:I8"
      },
      "configuration": {
        "properties": {}
      },
      "itemName": "DingtianRelay7920I8"
    }
  },
  "DingtianRelay7920I9 -\u003e mqtt:topic:dingtianbroker:DingtianRelay7920:I9": {
    "class": "org.openhab.core.thing.link.ItemChannelLink",
    "value": {
      "channelUID": {
        "segments": [
          "mqtt",
          "topic",
          "dingtianbroker",
          "DingtianRelay7920",
          "I9"
        ],
        "uid": "mqtt:topic:dingtianbroker:DingtianRelay7920:I9"
      },
      "configuration": {
        "properties": {}
      },
      "itemName": "DingtianRelay7920I9"
    }
  },
  "DingtianRelay7920I10 -\u003e mqtt:topic:dingtianbroker:DingtianRelay7920:I10": {
    "class": "org.openhab.core.thing.link.ItemChannelLink",
    "value": {
      "channelUID": {
        "segments": [
          "mqtt",
          "topic",
          "dingtianbroker",
          "DingtianRelay7920",
          "I10"
        ],
        "uid": "mqtt:topic:dingtianbroker:DingtianRelay7920:I10"
      },
      "configuration": {
        "properties": {}
      },
      "itemName": "DingtianRelay7920I10"
    }
  },
  "DingtianRelay7920I11 -\u003e mqtt:topic:dingtianbroker:DingtianRelay7920:I11": {
    "class": "org.openhab.core.thing.link.ItemChannelLink",
    "value": {
      "channelUID": {
        "segments": [
          "mqtt",
          "topic",
          "dingtianbroker",
          "DingtianRelay7920",
          "I11"
        ],
        "uid": "mqtt:topic:dingtianbroker:DingtianRelay7920:I11"
      },
      "configuration": {
        "properties": {}
      },
      "itemName": "DingtianRelay7920I11"
    }
  },
  "DingtianRelay7920I12 -\u003e mqtt:topic:dingtianbroker:DingtianRelay7920:I12": {
    "class": "org.openhab.core.thing.link.ItemChannelLink",
    "value": {
      "channelUID": {
        "segments": [
          "mqtt",
          "topic",
          "dingtianbroker",
          "DingtianRelay7920",
          "I12"
        ],
        "uid": "mqtt:topic:dingtianbroker:DingtianRelay7920:I12"
      },
      "configuration": {
        "properties": {}
      },
      "itemName": "DingtianRelay7920I12"
    }
  },
  "DingtianRelay7920I13 -\u003e mqtt:topic:dingtianbroker:DingtianRelay7920:I13": {
    "class": "org.openhab.core.thing.link.ItemChannelLink",
    "value": {
      "channelUID": {
        "segments": [
          "mqtt",
          "topic",
          "dingtianbroker",
          "DingtianRelay7920",
          "I13"
        ],
        "uid": "mqtt:topic:dingtianbroker:DingtianRelay7920:I13"
      },
      "configuration": {
        "properties": {}
      },
      "itemName": "DingtianRelay7920I13"
    }
  },
  "DingtianRelay7920I14 -\u003e mqtt:topic:dingtianbroker:DingtianRelay7920:I14": {
    "class": "org.openhab.core.thing.link.ItemChannelLink",
    "value": {
      "channelUID": {
        "segments": [
          "mqtt",
          "topic",
          "dingtianbroker",
          "DingtianRelay7920",
          "I14"
        ],
        "uid": "mqtt:topic:dingtianbroker:DingtianRelay7920:I14"
      },
      "configuration": {
        "properties": {}
      },
      "itemName": "DingtianRelay7920I14"
    }
  },
  "DingtianRelay7920I15 -\u003e mqtt:topic:dingtianbroker:DingtianRelay7920:I15": {
    "class": "org.openhab.core.thing.link.ItemChannelLink",
    "value": {
      "channelUID": {
        "segments": [
          "mqtt",
          "topic",
          "dingtianbroker",
          "DingtianRelay7920",
          "I15"
        ],
        "uid": "mqtt:topic:dingtianbroker:DingtianRelay7920:I15"
      },
      "configuration": {
        "properties": {}
      },
      "itemName": "DingtianRelay7920I15"
    }
  },
  "DingtianRelay7920I16 -\u003e mqtt:topic:dingtianbroker:DingtianRelay7920:I16": {
    "class": "org.openhab.core.thing.link.ItemChannelLink",
    "value": {
      "channelUID": {
        "segments": [
          "mqtt",
          "topic",
          "dingtianbroker",
          "DingtianRelay7920",
          "I16"
        ],
        "uid": "mqtt:topic:dingtianbroker:DingtianRelay7920:I16"
      },
      "configuration": {
        "properties": {}
      },
      "itemName": "DingtianRelay7920I16"
    }
  },
  "DingtianRelay7920I17 -\u003e mqtt:topic:dingtianbroker:DingtianRelay7920:I17": {
    "class": "org.openhab.core.thing.link.ItemChannelLink",
    "value": {
      "channelUID": {
        "segments": [
          "mqtt",
          "topic",
          "dingtianbroker",
          "DingtianRelay7920",
          "I17"
        ],
        "uid": "mqtt:topic:dingtianbroker:DingtianRelay7920:I17"
      },
      "configuration": {
        "properties": {}
      },
      "itemName": "DingtianRelay7920I17"
    }
  },
  "DingtianRelay7920I18 -\u003e mqtt:topic:dingtianbroker:DingtianRelay7920:I18": {
    "class": "org.openhab.core.thing.link.ItemChannelLink",
    "value": {
      "channelUID": {
        "segments": [
          "mqtt",
          "topic",
          "dingtianbroker",
          "DingtianRelay7920",
          "I18"
        ],
        "uid": "mqtt:topic:dingtianbroker:DingtianRelay7920:I18"
      },
      "configuration": {
        "properties": {}
      },
      "itemName": "DingtianRelay7920I18"
    }
  },
  "DingtianRelay7920I19 -\u003e mqtt:topic:dingtianbroker:DingtianRelay7920:I19": {
    "class": "org.openhab.core.thing.link.ItemChannelLink",
    "value": {
      "channelUID": {
        "segments": [
          "mqtt",
          "topic",
          "dingtianbroker",
          "DingtianRelay7920",
          "I19"
        ],
        "uid": "mqtt:topic:dingtianbroker:DingtianRelay7920:I19"
      },
      "configuration": {
        "properties": {}
      },
      "itemName": "DingtianRelay7920I19"
    }
  },
  "DingtianRelay7920I20 -\u003e mqtt:topic:dingtianbroker:DingtianRelay7920:I20": {
    "class": "org.openhab.core.thing.link.ItemChannelLink",
    "value": {
      "channelUID": {
        "segments": [
          "mqtt",
          "topic",
          "dingtianbroker",
          "DingtianRelay7920",
          "I20"
        ],
        "uid": "mqtt:topic:dingtianbroker:DingtianRelay7920:I20"
      },
      "configuration": {
        "properties": {}
      },
      "itemName": "DingtianRelay7920I20"
    }
  },
  "DingtianRelay7920I21 -\u003e mqtt:topic:dingtianbroker:DingtianRelay7920:I21": {
    "class": "org.openhab.core.thing.link.ItemChannelLink",
    "value": {
      "channelUID": {
        "segments": [
          "mqtt",
          "topic",
          "dingtianbroker",
          "DingtianRelay7920",
          "I21"
        ],
        "uid": "mqtt:topic:dingtianbroker:DingtianRelay7920:I21"
      },
      "configuration": {
        "properties": {}
      },
      "itemName": "DingtianRelay7920I21"
    }
  },
  "DingtianRelay7920I22 -\u003e mqtt:topic:dingtianbroker:DingtianRelay7920:I22": {
    "class": "org.openhab.core.thing.link.ItemChannelLink",
    "value": {
      "channelUID": {
        "segments": [
          "mqtt",
          "topic",
          "dingtianbroker",
          "DingtianRelay7920",
          "I22"
        ],
        "uid": "mqtt:topic:dingtianbroker:DingtianRelay7920:I22"
      },
      "configuration": {
        "properties": {}
      },
      "itemName": "DingtianRelay7920I22"
    }
  },
  "DingtianRelay7920I23 -\u003e mqtt:topic:dingtianbroker:DingtianRelay7920:I23": {
    "class": "org.openhab.core.thing.link.ItemChannelLink",
    "value": {
      "channelUID": {
        "segments": [
          "mqtt",
          "topic",
          "dingtianbroker",
          "DingtianRelay7920",
          "I23"
        ],
        "uid": "mqtt:topic:dingtianbroker:DingtianRelay7920:I23"
      },
      "configuration": {
        "properties": {}
      },
      "itemName": "DingtianRelay7920I23"
    }
  },
  "DingtianRelay7920I24 -\u003e mqtt:topic:dingtianbroker:DingtianRelay7920:I24": {
    "class": "org.openhab.core.thing.link.ItemChannelLink",
    "value": {
      "channelUID": {
        "segments": [
          "mqtt",
          "topic",
          "dingtianbroker",
          "DingtianRelay7920",
          "I24"
        ],
        "uid": "mqtt:topic:dingtianbroker:DingtianRelay7920:I24"
      },
      "configuration": {
        "properties": {}
      },
      "itemName": "DingtianRelay7920I24"
    }
  },
  "DingtianRelay7920I25 -\u003e mqtt:topic:dingtianbroker:DingtianRelay7920:I25": {
    "class": "org.openhab.core.thing.link.ItemChannelLink",
    "value": {
      "channelUID": {
        "segments": [
          "mqtt",
          "topic",
          "dingtianbroker",
          "DingtianRelay7920",
          "I25"
        ],
        "uid": "mqtt:topic:dingtianbroker:DingtianRelay7920:I25"
      },
      "configuration": {
        "properties": {}
      },
      "itemName": "DingtianRelay7920I25"
    }
  },
  "DingtianRelay7920I26 -\u003e mqtt:topic:dingtianbroker:DingtianRelay7920:I26": {
    "class": "org.openhab.core.thing.link.ItemChannelLink",
    "value": {
      "channelUID": {
        "segments": [
          "mqtt",
          "topic",
          "dingtianbroker",
          "DingtianRelay7920",
          "I26"
        ],
        "uid": "mqtt:topic:dingtianbroker:DingtianRelay7920:I26"
      },
      "configuration": {
        "properties": {}
      },
      "itemName": "DingtianRelay7920I26"
    }
  },
  "DingtianRelay7920I27 -\u003e mqtt:topic:dingtianbroker:DingtianRelay7920:I27": {
    "class": "org.openhab.core.thing.link.ItemChannelLink",
    "value": {
      "channelUID": {
        "segments": [
          "mqtt",
          "topic",
          "dingtianbroker",
          "DingtianRelay7920",
          "I27"
        ],
        "uid": "mqtt:topic:dingtianbroker:DingtianRelay7920:I27"
      },
      "configuration": {
        "properties": {}
      },
      "itemName": "DingtianRelay7920I27"
    }
  },
  "DingtianRelay7920I28 -\u003e mqtt:topic:dingtianbroker:DingtianRelay7920:I28": {
    "class": "org.openhab.core.thing.link.ItemChannelLink",
    "value": {
      "channelUID": {
        "segments": [
          "mqtt",
          "topic",
          "dingtianbroker",
          "DingtianRelay7920",
          "I28"
        ],
        "uid": "mqtt:topic:dingtianbroker:DingtianRelay7920:I28"
      },
      "configuration": {
        "properties": {}
      },
      "itemName": "DingtianRelay7920I28"
    }
  },
  "DingtianRelay7920I29 -\u003e mqtt:topic:dingtianbroker:DingtianRelay7920:I29": {
    "class": "org.openhab.core.thing.link.ItemChannelLink",
    "value": {
      "channelUID": {
        "segments": [
          "mqtt",
          "topic",
          "dingtianbroker",
          "DingtianRelay7920",
          "I29"
        ],
        "uid": "mqtt:topic:dingtianbroker:DingtianRelay7920:I29"
      },
      "configuration": {
        "properties": {}
      },
      "itemName": "DingtianRelay7920I29"
    }
  },
  "DingtianRelay7920I30 -\u003e mqtt:topic:dingtianbroker:DingtianRelay7920:I30": {
    "class": "org.openhab.core.thing.link.ItemChannelLink",
    "value": {
      "channelUID": {
        "segments": [
          "mqtt",
          "topic",
          "dingtianbroker",
          "DingtianRelay7920",
          "I30"
        ],
        "uid": "mqtt:topic:dingtianbroker:DingtianRelay7920:I30"
      },
      "configuration": {
        "properties": {}
      },
      "itemName": "DingtianRelay7920I30"
    }
  },
  "DingtianRelay7920I31 -\u003e mqtt:topic:dingtianbroker:DingtianRelay7920:I31": {
    "class": "org.openhab.core.thing.link.ItemChannelLink",
    "value": {
      "channelUID": {
        "segments": [
          "mqtt",
          "topic",
          "dingtianbroker",
          "DingtianRelay7920",
          "I31"
        ],
        "uid": "mqtt:topic:dingtianbroker:DingtianRelay7920:I31"
      },
      "configuration": {
        "properties": {}
      },
      "itemName": "DingtianRelay7920I31"
    }
  },
  "DingtianRelay7920I32 -\u003e mqtt:topic:dingtianbroker:DingtianRelay7920:I32": {
    "class": "org.openhab.core.thing.link.ItemChannelLink",
    "value": {
      "channelUID": {
        "segments": [
          "mqtt",
          "topic",
          "dingtianbroker",
          "DingtianRelay7920",
          "I32"
        ],
        "uid": "mqtt:topic:dingtianbroker:DingtianRelay7920:I32"
      },
      "configuration": {
        "properties": {}
      },
      "itemName": "DingtianRelay7920I32"
    }
  },
  "DingtianRelay7920R1 -\u003e mqtt:topic:dingtianbroker:DingtianRelay7920:R1": {
    "class": "org.openhab.core.thing.link.ItemChannelLink",
    "value": {
      "channelUID": {
        "segments": [
          "mqtt",
          "topic",
          "dingtianbroker",
          "DingtianRelay7920",
          "R1"
        ],
        "uid": "mqtt:topic:dingtianbroker:DingtianRelay7920:R1"
      },
      "configuration": {
        "properties": {}
      },
      "itemName": "DingtianRelay7920R1"
    }
  },
  "DingtianRelay7920R2 -\u003e mqtt:topic:dingtianbroker:DingtianRelay7920:R2": {
    "class": "org.openhab.core.thing.link.ItemChannelLink",
    "value": {
      "channelUID": {
        "segments": [
          "mqtt",
          "topic",
          "dingtianbroker",
          "DingtianRelay7920",
          "R2"
        ],
        "uid": "mqtt:topic:dingtianbroker:DingtianRelay7920:R2"
      },
      "configuration": {
        "properties": {}
      },
      "itemName": "DingtianRelay7920R2"
    }
  },
  "DingtianRelay7920R3 -\u003e mqtt:topic:dingtianbroker:DingtianRelay7920:R3": {
    "class": "org.openhab.core.thing.link.ItemChannelLink",
    "value": {
      "channelUID": {
        "segments": [
          "mqtt",
          "topic",
          "dingtianbroker",
          "DingtianRelay7920",
          "R3"
        ],
        "uid": "mqtt:topic:dingtianbroker:DingtianRelay7920:R3"
      },
      "configuration": {
        "properties": {}
      },
      "itemName": "DingtianRelay7920R3"
    }
  },
  "DingtianRelay7920R4 -\u003e mqtt:topic:dingtianbroker:DingtianRelay7920:R4": {
    "class": "org.openhab.core.thing.link.ItemChannelLink",
    "value": {
      "channelUID": {
        "segments": [
          "mqtt",
          "topic",
          "dingtianbroker",
          "DingtianRelay7920",
          "R4"
        ],
        "uid": "mqtt:topic:dingtianbroker:DingtianRelay7920:R4"
      },
      "configuration": {
        "properties": {}
      },
      "itemName": "DingtianRelay7920R4"
    }
  },
  "DingtianRelay7920R5 -\u003e mqtt:topic:dingtianbroker:DingtianRelay7920:R5": {
    "class": "org.openhab.core.thing.link.ItemChannelLink",
    "value": {
      "channelUID": {
        "segments": [
          "mqtt",
          "topic",
          "dingtianbroker",
          "DingtianRelay7920",
          "R5"
        ],
        "uid": "mqtt:topic:dingtianbroker:DingtianRelay7920:R5"
      },
      "configuration": {
        "properties": {}
      },
      "itemName": "DingtianRelay7920R5"
    }
  },
  "DingtianRelay7920R6 -\u003e mqtt:topic:dingtianbroker:DingtianRelay7920:R6": {
    "class": "org.openhab.core.thing.link.ItemChannelLink",
    "value": {
      "channelUID": {
        "segments": [
          "mqtt",
          "topic",
          "dingtianbroker",
          "DingtianRelay7920",
          "R6"
        ],
        "uid": "mqtt:topic:dingtianbroker:DingtianRelay7920:R6"
      },
      "configuration": {
        "properties": {}
      },
      "itemName": "DingtianRelay7920R6"
    }
  },
  "DingtianRelay7920R7 -\u003e mqtt:topic:dingtianbroker:DingtianRelay7920:R7": {
    "class": "org.openhab.core.thing.link.ItemChannelLink",
    "value": {
      "channelUID": {
        "segments": [
          "mqtt",
          "topic",
          "dingtianbroker",
          "DingtianRelay7920",
          "R7"
        ],
        "uid": "mqtt:topic:dingtianbroker:DingtianRelay7920:R7"
      },
      "configuration": {
        "properties": {}
      },
      "itemName": "DingtianRelay7920R7"
    }
  },
  "DingtianRelay7920R8 -\u003e mqtt:topic:dingtianbroker:DingtianRelay7920:R8": {
    "class": "org.openhab.core.thing.link.ItemChannelLink",
    "value": {
      "channelUID": {
        "segments": [
          "mqtt",
          "topic",
          "dingtianbroker",
          "DingtianRelay7920",
          "R8"
        ],
        "uid": "mqtt:topic:dingtianbroker:DingtianRelay7920:R8"
      },
      "configuration": {
        "properties": {}
      },
      "itemName": "DingtianRelay7920R8"
    }
  },
  "DingtianRelay7920R9 -\u003e mqtt:topic:dingtianbroker:DingtianRelay7920:R9": {
    "class": "org.openhab.core.thing.link.ItemChannelLink",
    "value": {
      "channelUID": {
        "segments": [
          "mqtt",
          "topic",
          "dingtianbroker",
          "DingtianRelay7920",
          "R9"
        ],
        "uid": "mqtt:topic:dingtianbroker:DingtianRelay7920:R9"
      },
      "configuration": {
        "properties": {}
      },
      "itemName": "DingtianRelay7920R9"
    }
  },
  "DingtianRelay7920R10 -\u003e mqtt:topic:dingtianbroker:DingtianRelay7920:R10": {
    "class": "org.openhab.core.thing.link.ItemChannelLink",
    "value": {
      "channelUID": {
        "segments": [
          "mqtt",
          "topic",
          "dingtianbroker",
          "DingtianRelay7920",
          "R10"
        ],
        "uid": "mqtt:topic:dingtianbroker:DingtianRelay7920:R10"
      },
      "configuration": {
        "properties": {}
      },
      "itemName": "DingtianRelay7920R10"
    }
  },
  "DingtianRelay7920R11 -\u003e mqtt:topic:dingtianbroker:DingtianRelay7920:R11": {
    "class": "org.openhab.core.thing.link.ItemChannelLink",
    "value": {
      "channelUID": {
        "segments": [
          "mqtt",
          "topic",
          "dingtianbroker",
          "DingtianRelay7920",
          "R11"
        ],
        "uid": "mqtt:topic:dingtianbroker:DingtianRelay7920:R11"
      },
      "configuration": {
        "properties": {}
      },
      "itemName": "DingtianRelay7920R11"
    }
  },
  "DingtianRelay7920R12 -\u003e mqtt:topic:dingtianbroker:DingtianRelay7920:R12": {
    "class": "org.openhab.core.thing.link.ItemChannelLink",
    "value": {
      "channelUID": {
        "segments": [
          "mqtt",
          "topic",
          "dingtianbroker",
          "DingtianRelay7920",
          "R12"
        ],
        "uid": "mqtt:topic:dingtianbroker:DingtianRelay7920:R12"
      },
      "configuration": {
        "properties": {}
      },
      "itemName": "DingtianRelay7920R12"
    }
  },
  "DingtianRelay7920R13 -\u003e mqtt:topic:dingtianbroker:DingtianRelay7920:R13": {
    "class": "org.openhab.core.thing.link.ItemChannelLink",
    "value": {
      "channelUID": {
        "segments": [
          "mqtt",
          "topic",
          "dingtianbroker",
          "DingtianRelay7920",
          "R13"
        ],
        "uid": "mqtt:topic:dingtianbroker:DingtianRelay7920:R13"
      },
      "configuration": {
        "properties": {}
      },
      "itemName": "DingtianRelay7920R13"
    }
  },
  "DingtianRelay7920R14 -\u003e mqtt:topic:dingtianbroker:DingtianRelay7920:R14": {
    "class": "org.openhab.core.thing.link.ItemChannelLink",
    "value": {
      "channelUID": {
        "segments": [
          "mqtt",
          "topic",
          "dingtianbroker",
          "DingtianRelay7920",
          "R14"
        ],
        "uid": "mqtt:topic:dingtianbroker:DingtianRelay7920:R14"
      },
      "configuration": {
        "properties": {}
      },
      "itemName": "DingtianRelay7920R14"
    }
  },
  "DingtianRelay7920R15 -\u003e mqtt:topic:dingtianbroker:DingtianRelay7920:R15": {
    "class": "org.openhab.core.thing.link.ItemChannelLink",
    "value": {
      "channelUID": {
        "segments": [
          "mqtt",
          "topic",
          "dingtianbroker",
          "DingtianRelay7920",
          "R15"
        ],
        "uid": "mqtt:topic:dingtianbroker:DingtianRelay7920:R15"
      },
      "configuration": {
        "properties": {}
      },
      "itemName": "DingtianRelay7920R15"
    }
  },
  "DingtianRelay7920R16 -\u003e mqtt:topic:dingtianbroker:DingtianRelay7920:R16": {
    "class": "org.openhab.core.thing.link.ItemChannelLink",
    "value": {
      "channelUID": {
        "segments": [
          "mqtt",
          "topic",
          "dingtianbroker",
          "DingtianRelay7920",
          "R16"
        ],
        "uid": "mqtt:topic:dingtianbroker:DingtianRelay7920:R16"
      },
      "configuration": {
        "properties": {}
      },
      "itemName": "DingtianRelay7920R16"
    }
  },
  "DingtianRelay7920R17 -\u003e mqtt:topic:dingtianbroker:DingtianRelay7920:R17": {
    "class": "org.openhab.core.thing.link.ItemChannelLink",
    "value": {
      "channelUID": {
        "segments": [
          "mqtt",
          "topic",
          "dingtianbroker",
          "DingtianRelay7920",
          "R17"
        ],
        "uid": "mqtt:topic:dingtianbroker:DingtianRelay7920:R17"
      },
      "configuration": {
        "properties": {}
      },
      "itemName": "DingtianRelay7920R17"
    }
  },
  "DingtianRelay7920R18 -\u003e mqtt:topic:dingtianbroker:DingtianRelay7920:R18": {
    "class": "org.openhab.core.thing.link.ItemChannelLink",
    "value": {
      "channelUID": {
        "segments": [
          "mqtt",
          "topic",
          "dingtianbroker",
          "DingtianRelay7920",
          "R18"
        ],
        "uid": "mqtt:topic:dingtianbroker:DingtianRelay7920:R18"
      },
      "configuration": {
        "properties": {}
      },
      "itemName": "DingtianRelay7920R18"
    }
  },
  "DingtianRelay7920R19 -\u003e mqtt:topic:dingtianbroker:DingtianRelay7920:R19": {
    "class": "org.openhab.core.thing.link.ItemChannelLink",
    "value": {
      "channelUID": {
        "segments": [
          "mqtt",
          "topic",
          "dingtianbroker",
          "DingtianRelay7920",
          "R19"
        ],
        "uid": "mqtt:topic:dingtianbroker:DingtianRelay7920:R19"
      },
      "configuration": {
        "properties": {}
      },
      "itemName": "DingtianRelay7920R19"
    }
  },
  "DingtianRelay7920R20 -\u003e mqtt:topic:dingtianbroker:DingtianRelay7920:R20": {
    "class": "org.openhab.core.thing.link.ItemChannelLink",
    "value": {
      "channelUID": {
        "segments": [
          "mqtt",
          "topic",
          "dingtianbroker",
          "DingtianRelay7920",
          "R20"
        ],
        "uid": "mqtt:topic:dingtianbroker:DingtianRelay7920:R20"
      },
      "configuration": {
        "properties": {}
      },
      "itemName": "DingtianRelay7920R20"
    }
  },
  "DingtianRelay7920R21 -\u003e mqtt:topic:dingtianbroker:DingtianRelay7920:R21": {
    "class": "org.openhab.core.thing.link.ItemChannelLink",
    "value": {
      "channelUID": {
        "segments": [
          "mqtt",
          "topic",
          "dingtianbroker",
          "DingtianRelay7920",
          "R21"
        ],
        "uid": "mqtt:topic:dingtianbroker:DingtianRelay7920:R21"
      },
      "configuration": {
        "properties": {}
      },
      "itemName": "DingtianRelay7920R21"
    }
  },
  "DingtianRelay7920R22 -\u003e mqtt:topic:dingtianbroker:DingtianRelay7920:R22": {
    "class": "org.openhab.core.thing.link.ItemChannelLink",
    "value": {
      "channelUID": {
        "segments": [
          "mqtt",
          "topic",
          "dingtianbroker",
          "DingtianRelay7920",
          "R22"
        ],
        "uid": "mqtt:topic:dingtianbroker:DingtianRelay7920:R22"
      },
      "configuration": {
        "properties": {}
      },
      "itemName": "DingtianRelay7920R22"
    }
  },
  "DingtianRelay7920R23 -\u003e mqtt:topic:dingtianbroker:DingtianRelay7920:R23": {
    "class": "org.openhab.core.thing.link.ItemChannelLink",
    "value": {
      "channelUID": {
        "segments": [
          "mqtt",
          "topic",
          "dingtianbroker",
          "DingtianRelay7920",
          "R23"
        ],
        "uid": "mqtt:topic:dingtianbroker:DingtianRelay7920:R23"
      },
      "configuration": {
        "properties": {}
      },
      "itemName": "DingtianRelay7920R23"
    }
  },
  "DingtianRelay7920R24 -\u003e mqtt:topic:dingtianbroker:DingtianRelay7920:R24": {
    "class": "org.openhab.core.thing.link.ItemChannelLink",
    "value": {
      "channelUID": {
        "segments": [
          "mqtt",
          "topic",
          "dingtianbroker",
          "DingtianRelay7920",
          "R24"
        ],
        "uid": "mqtt:topic:dingtianbroker:DingtianRelay7920:R24"
      },
      "configuration": {
        "properties": {}
      },
      "itemName": "DingtianRelay7920R24"
    }
  },
  "DingtianRelay7920R25 -\u003e mqtt:topic:dingtianbroker:DingtianRelay7920:R25": {
    "class": "org.openhab.core.thing.link.ItemChannelLink",
    "value": {
      "channelUID": {
        "segments": [
          "mqtt",
          "topic",
          "dingtianbroker",
          "DingtianRelay7920",
          "R25"
        ],
        "uid": "mqtt:topic:dingtianbroker:DingtianRelay7920:R25"
      },
      "configuration": {
        "properties": {}
      },
      "itemName": "DingtianRelay7920R25"
    }
  },
  "DingtianRelay7920R26 -\u003e mqtt:topic:dingtianbroker:DingtianRelay7920:R26": {
    "class": "org.openhab.core.thing.link.ItemChannelLink",
    "value": {
      "channelUID": {
        "segments": [
          "mqtt",
          "topic",
          "dingtianbroker",
          "DingtianRelay7920",
          "R26"
        ],
        "uid": "mqtt:topic:dingtianbroker:DingtianRelay7920:R26"
      },
      "configuration": {
        "properties": {}
      },
      "itemName": "DingtianRelay7920R26"
    }
  },
  "DingtianRelay7920R27 -\u003e mqtt:topic:dingtianbroker:DingtianRelay7920:R27": {
    "class": "org.openhab.core.thing.link.ItemChannelLink",
    "value": {
      "channelUID": {
        "segments": [
          "mqtt",
          "topic",
          "dingtianbroker",
          "DingtianRelay7920",
          "R27"
        ],
        "uid": "mqtt:topic:dingtianbroker:DingtianRelay7920:R27"
      },
      "configuration": {
        "properties": {}
      },
      "itemName": "DingtianRelay7920R27"
    }
  },
  "DingtianRelay7920R28 -\u003e mqtt:topic:dingtianbroker:DingtianRelay7920:R28": {
    "class": "org.openhab.core.thing.link.ItemChannelLink",
    "value": {
      "channelUID": {
        "segments": [
          "mqtt",
          "topic",
          "dingtianbroker",
          "DingtianRelay7920",
          "R28"
        ],
        "uid": "mqtt:topic:dingtianbroker:DingtianRelay7920:R28"
      },
      "configuration": {
        "properties": {}
      },
      "itemName": "DingtianRelay7920R28"
    }
  },
  "DingtianRelay7920R29 -\u003e mqtt:topic:dingtianbroker:DingtianRelay7920:R29": {
    "class": "org.openhab.core.thing.link.ItemChannelLink",
    "value": {
      "channelUID": {
        "segments": [
          "mqtt",
          "topic",
          "dingtianbroker",
          "DingtianRelay7920",
          "R29"
        ],
        "uid": "mqtt:topic:dingtianbroker:DingtianRelay7920:R29"
      },
      "configuration": {
        "properties": {}
      },
      "itemName": "DingtianRelay7920R29"
    }
  },
  "DingtianRelay7920R30 -\u003e mqtt:topic:dingtianbroker:DingtianRelay7920:R30": {
    "class": "org.openhab.core.thing.link.ItemChannelLink",
    "value": {
      "channelUID": {
        "segments": [
          "mqtt",
          "topic",
          "dingtianbroker",
          "DingtianRelay7920",
          "R30"
        ],
        "uid": "mqtt:topic:dingtianbroker:DingtianRelay7920:R30"
      },
      "configuration": {
        "properties": {}
      },
      "itemName": "DingtianRelay7920R30"
    }
  },
  "DingtianRelay7920R31 -\u003e mqtt:topic:dingtianbroker:DingtianRelay7920:R31": {
    "class": "org.openhab.core.thing.link.ItemChannelLink",
    "value": {
      "channelUID": {
        "segments": [
          "mqtt",
          "topic",
          "dingtianbroker",
          "DingtianRelay7920",
          "R31"
        ],
        "uid": "mqtt:topic:dingtianbroker:DingtianRelay7920:R31"
      },
      "configuration": {
        "properties": {}
      },
      "itemName": "DingtianRelay7920R31"
    }
  },
  "DingtianRelay7920R32 -\u003e mqtt:topic:dingtianbroker:DingtianRelay7920:R32": {
    "class": "org.openhab.core.thing.link.ItemChannelLink",
    "value": {
      "channelUID": {
        "segments": [
          "mqtt",
          "topic",
          "dingtianbroker",
          "DingtianRelay7920",
          "R32"
        ],
        "uid": "mqtt:topic:dingtianbroker:DingtianRelay7920:R32"
      },
      "configuration": {
        "properties": {}
      },
      "itemName": "DingtianRelay7920R32"
    }
  }
}