{
  "mqtt:broker:dingtianbroker": {
    "class": "org.openhab.core.thing.internal.BridgeImpl",
    "value": {
      "label": "MQTT Broker",
      "channels": [],
      "configuration": {
        "properties": {
          "certificatepin": false,
          "clientid": "b1e677c2-577c-4678-86f6-5e0a060827b6",
          "enableDiscovery": false,
          "host": "192.168.1.9",
          "keepAlive": 60,
          "lwtQos": 1,
          "lwtRetain": true,
          "password": "123",
          "port": 1883,
          "publickeypin": false,
          "qos": 1,
          "reconnectTime": 60000,
          "secure": false,
          "username": "mqtt"
        }
      },
      "properties": {},
      "uid": {
        "segments": [
          "mqtt",
          "broker",
          "dingtianbroker"
        ],
        "uid": "mqtt:broker:dingtianbroker"
      },
      "thingTypeUID": {
        "segments": [
          "mqtt",
          "broker"
        ],
        "uid": "mqtt:broker"
      }
    }
  },
  "mqtt:topic:dingtianbroker:DingtianRelay7920": {
    "class": "org.openhab.core.thing.internal.ThingImpl",
    "value": {
      "label": "Relay7920",
      "bridgeUID": {
        "segments": [
          "mqtt",
          "broker",
          "dingtianbroker"
        ],
        "uid": "mqtt:broker:dingtianbroker"
      },
      "channels": [
        {
          "acceptedItemType": "Switch",
          "kind": "STATE",
          "uid": {
            "segments": [
              "mqtt",
              "topic",
              "dingtianbroker",
              "DingtianRelay7920",
              "R1"
            ],
            "uid": "mqtt:topic:dingtianbroker:DingtianRelay7920:R1"
          },
          "channelTypeUID": {
            "segments": [
              "mqtt",
              "switch"
            ],
            "uid": "mqtt:switch"
          },
          "label": "DingtianRelay7920-R01",
          "description": "",
          "configuration": {
            "properties": {
              "commandTopic": "/dingtian/relay7920/in/r1",
              "off": "OFF",
              "on": "ON",
              "postCommand": true,
              "qos": 1,
              "stateTopic": "/dingtian/relay7920/out/r1"
            }
          },
          "properties": {},
          "defaultTags": [],
          "autoUpdatePolicy": "DEFAULT"
        },
        {
          "acceptedItemType": "Switch",
          "kind": "STATE",
          "uid": {
            "segments": [
              "mqtt",
              "topic",
              "dingtianbroker",
              "DingtianRelay7920",
              "R2"
            ],
            "uid": "mqtt:topic:dingtianbroker:DingtianRelay7920:R2"
          },
          "channelTypeUID": {
            "segments": [
              "mqtt",
              "switch"
            ],
            "uid": "mqtt:switch"
          },
          "label": "DingtianRelay7920-R02",
          "description": "",
          "configuration": {
            "properties": {
              "commandTopic": "/dingtian/relay7920/in/r2",
              "off": "OFF",
              "on": "ON",
              "stateTopic": "/dingtian/relay7920/out/r2"
            }
          },
          "properties": {},
          "defaultTags": [],
          "autoUpdatePolicy": "DEFAULT"
        },
        {
          "acceptedItemType": "Switch",
          "kind": "STATE",
          "uid": {
            "segments": [
              "mqtt",
              "topic",
              "dingtianbroker",
              "DingtianRelay7920",
              "R3"
            ],
            "uid": "mqtt:topic:dingtianbroker:DingtianRelay7920:R3"
          },
          "channelTypeUID": {
            "segments": [
              "mqtt",
              "switch"
            ],
            "uid": "mqtt:switch"
          },
          "label": "DingtianRelay7920-R03",
          "description": "",
          "configuration": {
            "properties": {
              "commandTopic": "/dingtian/relay7920/in/r3",
              "off": "OFF",
              "on": "ON",
              "stateTopic": "/dingtian/relay7920/out/r3"
            }
          },
          "properties": {},
          "defaultTags": [],
          "autoUpdatePolicy": "DEFAULT"
        },
        {
          "acceptedItemType": "Switch",
          "kind": "STATE",
          "uid": {
            "segments": [
              "mqtt",
              "topic",
              "dingtianbroker",
              "DingtianRelay7920",
              "R4"
            ],
            "uid": "mqtt:topic:dingtianbroker:DingtianRelay7920:R4"
          },
          "channelTypeUID": {
            "segments": [
              "mqtt",
              "switch"
            ],
            "uid": "mqtt:switch"
          },
          "label": "DingtianRelay7920-R04",
          "description": "",
          "configuration": {
            "properties": {
              "commandTopic": "/dingtian/relay7920/in/r4",
              "off": "OFF",
              "on": "ON",
              "stateTopic": "/dingtian/relay7920/out/r4"
            }
          },
          "properties": {},
          "defaultTags": [],
          "autoUpdatePolicy": "DEFAULT"
        },
        {
          "acceptedItemType": "Switch",
          "kind": "STATE",
          "uid": {
            "segments": [
              "mqtt",
              "topic",
              "dingtianbroker",
              "DingtianRelay7920",
              "R5"
            ],
            "uid": "mqtt:topic:dingtianbroker:DingtianRelay7920:R5"
          },
          "channelTypeUID": {
            "segments": [
              "mqtt",
              "switch"
            ],
            "uid": "mqtt:switch"
          },
          "label": "DingtianRelay7920-R05",
          "description": "",
          "configuration": {
            "properties": {
              "commandTopic": "/dingtian/relay7920/in/r5",
              "off": "OFF",
              "on": "ON",
              "stateTopic": "/dingtian/relay7920/out/r5"
            }
          },
          "properties": {},
          "defaultTags": [],
          "autoUpdatePolicy": "DEFAULT"
        },
        {
          "acceptedItemType": "Switch",
          "kind": "STATE",
          "uid": {
            "segments": [
              "mqtt",
              "topic",
              "dingtianbroker",
              "DingtianRelay7920",
              "R6"
            ],
            "uid": "mqtt:topic:dingtianbroker:DingtianRelay7920:R6"
          },
          "channelTypeUID": {
            "segments": [
              "mqtt",
              "switch"
            ],
            "uid": "mqtt:switch"
          },
          "label": "DingtianRelay7920-R06",
          "description": "",
          "configuration": {
            "properties": {
              "commandTopic": "/dingtian/relay7920/in/r6",
              "off": "OFF",
              "on": "ON",
              "stateTopic": "/dingtian/relay7920/out/r6"
            }
          },
          "properties": {},
          "defaultTags": [],
          "autoUpdatePolicy": "DEFAULT"
        },
        {
          "acceptedItemType": "Switch",
          "kind": "STATE",
          "uid": {
            "segments": [
              "mqtt",
              "topic",
              "dingtianbroker",
              "DingtianRelay7920",
              "R7"
            ],
            "uid": "mqtt:topic:dingtianbroker:DingtianRelay7920:R7"
          },
          "channelTypeUID": {
            "segments": [
              "mqtt",
              "switch"
            ],
            "uid": "mqtt:switch"
          },
          "label": "DingtianRelay7920-R07",
          "description": "",
          "configuration": {
            "properties": {
              "commandTopic": "/dingtian/relay7920/in/r7",
              "off": "OFF",
              "on": "ON",
              "stateTopic": "/dingtian/relay7920/out/r7"
            }
          },
          "properties": {},
          "defaultTags": [],
          "autoUpdatePolicy": "DEFAULT"
        },
        {
          "acceptedItemType": "Switch",
          "kind": "STATE",
          "uid": {
            "segments": [
              "mqtt",
              "topic",
              "dingtianbroker",
              "DingtianRelay7920",
              "R8"
            ],
            "uid": "mqtt:topic:dingtianbroker:DingtianRelay7920:R8"
          },
          "channelTypeUID": {
            "segments": [
              "mqtt",
              "switch"
            ],
            "uid": "mqtt:switch"
          },
          "label": "DingtianRelay7920-R08",
          "description": "",
          "configuration": {
            "properties": {
              "commandTopic": "/dingtian/relay7920/in/r8",
              "off": "OFF",
              "on": "ON",
              "stateTopic": "/dingtian/relay7920/out/r8"
            }
          },
          "properties": {},
          "defaultTags": [],
          "autoUpdatePolicy": "DEFAULT"
        },
        {
          "acceptedItemType": "Switch",
          "kind": "STATE",
          "uid": {
            "segments": [
              "mqtt",
              "topic",
              "dingtianbroker",
              "DingtianRelay7920",
              "R9"
            ],
            "uid": "mqtt:topic:dingtianbroker:DingtianRelay7920:R9"
          },
          "channelTypeUID": {
            "segments": [
              "mqtt",
              "switch"
            ],
            "uid": "mqtt:switch"
          },
          "label": "DingtianRelay7920-R09",
          "description": "",
          "configuration": {
            "properties": {
              "commandTopic": "/dingtian/relay7920/in/r9",
              "off": "OFF",
              "on": "ON",
              "stateTopic": "/dingtian/relay7920/out/r9"
            }
          },
          "properties": {},
          "defaultTags": [],
          "autoUpdatePolicy": "DEFAULT"
        },
        {
          "acceptedItemType": "Switch",
          "kind": "STATE",
          "uid": {
            "segments": [
              "mqtt",
              "topic",
              "dingtianbroker",
              "DingtianRelay7920",
              "R10"
            ],
            "uid": "mqtt:topic:dingtianbroker:DingtianRelay7920:R10"
          },
          "channelTypeUID": {
            "segments": [
              "mqtt",
              "switch"
            ],
            "uid": "mqtt:switch"
          },
          "label": "DingtianRelay7920-R10",
          "description": "",
          "configuration": {
            "properties": {
              "commandTopic": "/dingtian/relay7920/in/r10",
              "off": "OFF",
              "on": "ON",
              "stateTopic": "/dingtian/relay7920/out/r10"
            }
          },
          "properties": {},
          "defaultTags": [],
          "autoUpdatePolicy": "DEFAULT"
        },
        {
          "acceptedItemType": "Switch",
          "kind": "STATE",
          "uid": {
            "segments": [
              "mqtt",
              "topic",
              "dingtianbroker",
              "DingtianRelay7920",
              "R11"
            ],
            "uid": "mqtt:topic:dingtianbroker:DingtianRelay7920:R11"
          },
          "channelTypeUID": {
            "segments": [
              "mqtt",
              "switch"
            ],
            "uid": "mqtt:switch"
          },
          "label": "DingtianRelay7920-R11",
          "description": "",
          "configuration": {
            "properties": {
              "commandTopic": "/dingtian/relay7920/in/r11",
              "off": "OFF",
              "on": "ON",
              "stateTopic": "/dingtian/relay7920/out/r11"
            }
          },
          "properties": {},
          "defaultTags": [],
          "autoUpdatePolicy": "DEFAULT"
        },
        {
          "acceptedItemType": "Switch",
          "kind": "STATE",
          "uid": {
            "segments": [
              "mqtt",
              "topic",
              "dingtianbroker",
              "DingtianRelay7920",
              "R12"
            ],
            "uid": "mqtt:topic:dingtianbroker:DingtianRelay7920:R12"
          },
          "channelTypeUID": {
            "segments": [
              "mqtt",
              "switch"
            ],
            "uid": "mqtt:switch"
          },
          "label": "DingtianRelay7920-R12",
          "description": "",
          "configuration": {
            "properties": {
              "commandTopic": "/dingtian/relay7920/in/r12",
              "off": "OFF",
              "on": "ON",
              "stateTopic": "/dingtian/relay7920/out/r12"
            }
          },
          "properties": {},
          "defaultTags": [],
          "autoUpdatePolicy": "DEFAULT"
        },
        {
          "acceptedItemType": "Switch",
          "kind": "STATE",
          "uid": {
            "segments": [
              "mqtt",
              "topic",
              "dingtianbroker",
              "DingtianRelay7920",
              "R13"
            ],
            "uid": "mqtt:topic:dingtianbroker:DingtianRelay7920:R13"
          },
          "channelTypeUID": {
            "segments": [
              "mqtt",
              "switch"
            ],
            "uid": "mqtt:switch"
          },
          "label": "DingtianRelay7920-R13",
          "description": "",
          "configuration": {
            "properties": {
              "commandTopic": "/dingtian/relay7920/in/r13",
              "off": "OFF",
              "on": "ON",
              "stateTopic": "/dingtian/relay7920/out/r13"
            }
          },
          "properties": {},
          "defaultTags": [],
          "autoUpdatePolicy": "DEFAULT"
        },
        {
          "acceptedItemType": "Switch",
          "kind": "STATE",
          "uid": {
            "segments": [
              "mqtt",
              "topic",
              "dingtianbroker",
              "DingtianRelay7920",
              "R14"
            ],
            "uid": "mqtt:topic:dingtianbroker:DingtianRelay7920:R14"
          },
          "channelTypeUID": {
            "segments": [
              "mqtt",
              "switch"
            ],
            "uid": "mqtt:switch"
          },
          "label": "DingtianRelay7920-R14",
          "description": "",
          "configuration": {
            "properties": {
              "commandTopic": "/dingtian/relay7920/in/r14",
              "off": "OFF",
              "on": "ON",
              "stateTopic": "/dingtian/relay7920/out/r14"
            }
          },
          "properties": {},
          "defaultTags": [],
          "autoUpdatePolicy": "DEFAULT"
        },
        {
          "acceptedItemType": "Switch",
          "kind": "STATE",
          "uid": {
            "segments": [
              "mqtt",
              "topic",
              "dingtianbroker",
              "DingtianRelay7920",
              "R15"
            ],
            "uid": "mqtt:topic:dingtianbroker:DingtianRelay7920:R15"
          },
          "channelTypeUID": {
            "segments": [
              "mqtt",
              "switch"
            ],
            "uid": "mqtt:switch"
          },
          "label": "DingtianRelay7920-R15",
          "description": "",
          "configuration": {
            "properties": {
              "commandTopic": "/dingtian/relay7920/in/r15",
              "off": "OFF",
              "on": "ON",
              "stateTopic": "/dingtian/relay7920/out/r15"
            }
          },
          "properties": {},
          "defaultTags": [],
          "autoUpdatePolicy": "DEFAULT"
        },
        {
          "acceptedItemType": "Switch",
          "kind": "STATE",
          "uid": {
            "segments": [
              "mqtt",
              "topic",
              "dingtianbroker",
              "DingtianRelay7920",
              "R16"
            ],
            "uid": "mqtt:topic:dingtianbroker:DingtianRelay7920:R16"
          },
          "channelTypeUID": {
            "segments": [
              "mqtt",
              "switch"
            ],
            "uid": "mqtt:switch"
          },
          "label": "DingtianRelay7920-R16",
          "description": "",
          "configuration": {
            "properties": {
              "commandTopic": "/dingtian/relay7920/in/r16",
              "off": "OFF",
              "on": "ON",
              "stateTopic": "/dingtian/relay7920/out/r16"
            }
          },
          "properties": {},
          "defaultTags": [],
          "autoUpdatePolicy": "DEFAULT"
        },
        {
          "acceptedItemType": "Switch",
          "kind": "STATE",
          "uid": {
            "segments": [
              "mqtt",
              "topic",
              "dingtianbroker",
              "DingtianRelay7920",
              "R17"
            ],
            "uid": "mqtt:topic:dingtianbroker:DingtianRelay7920:R17"
          },
          "channelTypeUID": {
            "segments": [
              "mqtt",
              "switch"
            ],
            "uid": "mqtt:switch"
          },
          "label": "DingtianRelay7920-R17",
          "description": "",
          "configuration": {
            "properties": {
              "commandTopic": "/dingtian/relay7920/in/r17",
              "off": "OFF",
              "on": "ON",
              "stateTopic": "/dingtian/relay7920/out/r17"
            }
          },
          "properties": {},
          "defaultTags": [],
          "autoUpdatePolicy": "DEFAULT"
        },
        {
          "acceptedItemType": "Switch",
          "kind": "STATE",
          "uid": {
            "segments": [
              "mqtt",
              "topic",
              "dingtianbroker",
              "DingtianRelay7920",
              "R18"
            ],
            "uid": "mqtt:topic:dingtianbroker:DingtianRelay7920:R18"
          },
          "channelTypeUID": {
            "segments": [
              "mqtt",
              "switch"
            ],
            "uid": "mqtt:switch"
          },
          "label": "DingtianRelay7920-R18",
          "description": "",
          "configuration": {
            "properties": {
              "commandTopic": "/dingtian/relay7920/in/r18",
              "off": "OFF",
              "on": "ON",
              "stateTopic": "/dingtian/relay7920/out/r18"
            }
          },
          "properties": {},
          "defaultTags": [],
          "autoUpdatePolicy": "DEFAULT"
        },
        {
          "acceptedItemType": "Switch",
          "kind": "STATE",
          "uid": {
            "segments": [
              "mqtt",
              "topic",
              "dingtianbroker",
              "DingtianRelay7920",
              "R19"
            ],
            "uid": "mqtt:topic:dingtianbroker:DingtianRelay7920:R19"
          },
          "channelTypeUID": {
            "segments": [
              "mqtt",
              "switch"
            ],
            "uid": "mqtt:switch"
          },
          "label": "DingtianRelay7920-R19",
          "description": "",
          "configuration": {
            "properties": {
              "commandTopic": "/dingtian/relay7920/in/r19",
              "off": "OFF",
              "on": "ON",
              "stateTopic": "/dingtian/relay7920/out/r19"
            }
          },
          "properties": {},
          "defaultTags": [],
          "autoUpdatePolicy": "DEFAULT"
        },
        {
          "acceptedItemType": "Switch",
          "kind": "STATE",
          "uid": {
            "segments": [
              "mqtt",
              "topic",
              "dingtianbroker",
              "DingtianRelay7920",
              "R20"
            ],
            "uid": "mqtt:topic:dingtianbroker:DingtianRelay7920:R20"
          },
          "channelTypeUID": {
            "segments": [
              "mqtt",
              "switch"
            ],
            "uid": "mqtt:switch"
          },
          "label": "DingtianRelay7920-R20",
          "description": "",
          "configuration": {
            "properties": {
              "commandTopic": "/dingtian/relay7920/in/r20",
              "off": "OFF",
              "on": "ON",
              "stateTopic": "/dingtian/relay7920/out/r20"
            }
          },
          "properties": {},
          "defaultTags": [],
          "autoUpdatePolicy": "DEFAULT"
        },
        {
          "acceptedItemType": "Switch",
          "kind": "STATE",
          "uid": {
            "segments": [
              "mqtt",
              "topic",
              "dingtianbroker",
              "DingtianRelay7920",
              "R21"
            ],
            "uid": "mqtt:topic:dingtianbroker:DingtianRelay7920:R21"
          },
          "channelTypeUID": {
            "segments": [
              "mqtt",
              "switch"
            ],
            "uid": "mqtt:switch"
          },
          "label": "DingtianRelay7920-R21",
          "description": "",
          "configuration": {
            "properties": {
              "commandTopic": "/dingtian/relay7920/in/r21",
              "off": "OFF",
              "on": "ON",
              "stateTopic": "/dingtian/relay7920/out/r21"
            }
          },
          "properties": {},
          "defaultTags": [],
          "autoUpdatePolicy": "DEFAULT"
        },
        {
          "acceptedItemType": "Switch",
          "kind": "STATE",
          "uid": {
            "segments": [
              "mqtt",
              "topic",
              "dingtianbroker",
              "DingtianRelay7920",
              "R22"
            ],
            "uid": "mqtt:topic:dingtianbroker:DingtianRelay7920:R22"
          },
          "channelTypeUID": {
            "segments": [
              "mqtt",
              "switch"
            ],
            "uid": "mqtt:switch"
          },
          "label": "DingtianRelay7920-R22",
          "description": "",
          "configuration": {
            "properties": {
              "commandTopic": "/dingtian/relay7920/in/r22",
              "off": "OFF",
              "on": "ON",
              "stateTopic": "/dingtian/relay7920/out/r22"
            }
          },
          "properties": {},
          "defaultTags": [],
          "autoUpdatePolicy": "DEFAULT"
        },
        {
          "acceptedItemType": "Switch",
          "kind": "STATE",
          "uid": {
            "segments": [
              "mqtt",
              "topic",
              "dingtianbroker",
              "DingtianRelay7920",
              "R23"
            ],
            "uid": "mqtt:topic:dingtianbroker:DingtianRelay7920:R23"
          },
          "channelTypeUID": {
            "segments": [
              "mqtt",
              "switch"
            ],
            "uid": "mqtt:switch"
          },
          "label": "DingtianRelay7920-R23",
          "description": "",
          "configuration": {
            "properties": {
              "commandTopic": "/dingtian/relay7920/in/r23",
              "off": "OFF",
              "on": "ON",
              "stateTopic": "/dingtian/relay7920/out/r23"
            }
          },
          "properties": {},
          "defaultTags": [],
          "autoUpdatePolicy": "DEFAULT"
        },
        {
          "acceptedItemType": "Switch",
          "kind": "STATE",
          "uid": {
            "segments": [
              "mqtt",
              "topic",
              "dingtianbroker",
              "DingtianRelay7920",
              "R24"
            ],
            "uid": "mqtt:topic:dingtianbroker:DingtianRelay7920:R24"
          },
          "channelTypeUID": {
            "segments": [
              "mqtt",
              "switch"
            ],
            "uid": "mqtt:switch"
          },
          "label": "DingtianRelay7920-R24",
          "description": "",
          "configuration": {
            "properties": {
              "commandTopic": "/dingtian/relay7920/in/r24",
              "off": "OFF",
              "on": "ON",
              "stateTopic": "/dingtian/relay7920/out/r24"
            }
          },
          "properties": {},
          "defaultTags": [],
          "autoUpdatePolicy": "DEFAULT"
        },
        {
          "acceptedItemType": "Switch",
          "kind": "STATE",
          "uid": {
            "segments": [
              "mqtt",
              "topic",
              "dingtianbroker",
              "DingtianRelay7920",
              "R25"
            ],
            "uid": "mqtt:topic:dingtianbroker:DingtianRelay7920:R25"
          },
          "channelTypeUID": {
            "segments": [
              "mqtt",
              "switch"
            ],
            "uid": "mqtt:switch"
          },
          "label": "DingtianRelay7920-R25",
          "description": "",
          "configuration": {
            "properties": {
              "commandTopic": "/dingtian/relay7920/in/r25",
              "off": "OFF",
              "on": "ON",
              "stateTopic": "/dingtian/relay7920/out/r25"
            }
          },
          "properties": {},
          "defaultTags": [],
          "autoUpdatePolicy": "DEFAULT"
        },
        {
          "acceptedItemType": "Switch",
          "kind": "STATE",
          "uid": {
            "segments": [
              "mqtt",
              "topic",
              "dingtianbroker",
              "DingtianRelay7920",
              "R26"
            ],
            "uid": "mqtt:topic:dingtianbroker:DingtianRelay7920:R26"
          },
          "channelTypeUID": {
            "segments": [
              "mqtt",
              "switch"
            ],
            "uid": "mqtt:switch"
          },
          "label": "DingtianRelay7920-R26",
          "description": "",
          "configuration": {
            "properties": {
              "commandTopic": "/dingtian/relay7920/in/r26",
              "off": "OFF",
              "on": "ON",
              "stateTopic": "/dingtian/relay7920/out/r26"
            }
          },
          "properties": {},
          "defaultTags": [],
          "autoUpdatePolicy": "DEFAULT"
        },
        {
          "acceptedItemType": "Switch",
          "kind": "STATE",
          "uid": {
            "segments": [
              "mqtt",
              "topic",
              "dingtianbroker",
              "DingtianRelay7920",
              "R27"
            ],
            "uid": "mqtt:topic:dingtianbroker:DingtianRelay7920:R27"
          },
          "channelTypeUID": {
            "segments": [
              "mqtt",
              "switch"
            ],
            "uid": "mqtt:switch"
          },
          "label": "DingtianRelay7920-R27",
          "description": "",
          "configuration": {
            "properties": {
              "commandTopic": "/dingtian/relay7920/in/r27",
              "off": "OFF",
              "on": "ON",
              "stateTopic": "/dingtian/relay7920/out/r27"
            }
          },
          "properties": {},
          "defaultTags": [],
          "autoUpdatePolicy": "DEFAULT"
        },
        {
          "acceptedItemType": "Switch",
          "kind": "STATE",
          "uid": {
            "segments": [
              "mqtt",
              "topic",
              "dingtianbroker",
              "DingtianRelay7920",
              "R28"
            ],
            "uid": "mqtt:topic:dingtianbroker:DingtianRelay7920:R28"
          },
          "channelTypeUID": {
            "segments": [
              "mqtt",
              "switch"
            ],
            "uid": "mqtt:switch"
          },
          "label": "DingtianRelay7920-R28",
          "description": "",
          "configuration": {
            "properties": {
              "commandTopic": "/dingtian/relay7920/in/r28",
              "off": "OFF",
              "on": "ON",
              "stateTopic": "/dingtian/relay7920/out/r28"
            }
          },
          "properties": {},
          "defaultTags": [],
          "autoUpdatePolicy": "DEFAULT"
        },
        {
          "acceptedItemType": "Switch",
          "kind": "STATE",
          "uid": {
            "segments": [
              "mqtt",
              "topic",
              "dingtianbroker",
              "DingtianRelay7920",
              "R29"
            ],
            "uid": "mqtt:topic:dingtianbroker:DingtianRelay7920:R29"
          },
          "channelTypeUID": {
            "segments": [
              "mqtt",
              "switch"
            ],
            "uid": "mqtt:switch"
          },
          "label": "DingtianRelay7920-R29",
          "description": "",
          "configuration": {
            "properties": {
              "commandTopic": "/dingtian/relay7920/in/r29",
              "off": "OFF",
              "on": "ON",
              "stateTopic": "/dingtian/relay7920/out/r29"
            }
          },
          "properties": {},
          "defaultTags": [],
          "autoUpdatePolicy": "DEFAULT"
        },
        {
          "acceptedItemType": "Switch",
          "kind": "STATE",
          "uid": {
            "segments": [
              "mqtt",
              "topic",
              "dingtianbroker",
              "DingtianRelay7920",
              "R30"
            ],
            "uid": "mqtt:topic:dingtianbroker:DingtianRelay7920:R30"
          },
          "channelTypeUID": {
            "segments": [
              "mqtt",
              "switch"
            ],
            "uid": "mqtt:switch"
          },
          "label": "DingtianRelay7920-R16",
          "description": "",
          "configuration": {
            "properties": {
              "commandTopic": "/dingtian/relay7920/in/r30",
              "off": "OFF",
              "on": "ON",
              "stateTopic": "/dingtian/relay7920/out/r30"
            }
          },
          "properties": {},
          "defaultTags": [],
          "autoUpdatePolicy": "DEFAULT"
        },
        {
          "acceptedItemType": "Switch",
          "kind": "STATE",
          "uid": {
            "segments": [
              "mqtt",
              "topic",
              "dingtianbroker",
              "DingtianRelay7920",
              "R31"
            ],
            "uid": "mqtt:topic:dingtianbroker:DingtianRelay7920:R31"
          },
          "channelTypeUID": {
            "segments": [
              "mqtt",
              "switch"
            ],
            "uid": "mqtt:switch"
          },
          "label": "DingtianRelay7920-R31",
          "description": "",
          "configuration": {
            "properties": {
              "commandTopic": "/dingtian/relay7920/in/r31",
              "off": "OFF",
              "on": "ON",
              "stateTopic": "/dingtian/relay7920/out/r31"
            }
          },
          "properties": {},
          "defaultTags": [],
          "autoUpdatePolicy": "DEFAULT"
        },
        {
          "acceptedItemType": "Switch",
          "kind": "STATE",
          "uid": {
            "segments": [
              "mqtt",
              "topic",
              "dingtianbroker",
              "DingtianRelay7920",
              "R32"
            ],
            "uid": "mqtt:topic:dingtianbroker:DingtianRelay7920:R32"
          },
          "channelTypeUID": {
            "segments": [
              "mqtt",
              "switch"
            ],
            "uid": "mqtt:switch"
          },
          "label": "DingtianRelay7920-R32",
          "description": "",
          "configuration": {
            "properties": {
              "commandTopic": "/dingtian/relay7920/in/r32",
              "off": "OFF",
              "on": "ON",
              "stateTopic": "/dingtian/relay7920/out/r32"
            }
          },
          "properties": {},
          "defaultTags": [],
          "autoUpdatePolicy": "DEFAULT"
        },
        {
          "acceptedItemType": "Switch",
          "kind": "STATE",
          "uid": {
            "segments": [
              "mqtt",
              "topic",
              "dingtianbroker",
              "DingtianRelay7920",
              "I1"
            ],
            "uid": "mqtt:topic:dingtianbroker:DingtianRelay7920:I1"
          },
          "channelTypeUID": {
            "segments": [
              "mqtt",
              "switch"
            ],
            "uid": "mqtt:switch"
          },
          "label": "DingtianRelay7920-I01",
          "description": "",
          "configuration": {
            "properties": {
              "stateTopic": "/dingtian/relay7920/out/i1"
            }
          },
          "properties": {},
          "defaultTags": [],
          "autoUpdatePolicy": "DEFAULT"
        },
        {
          "acceptedItemType": "Switch",
          "kind": "STATE",
          "uid": {
            "segments": [
              "mqtt",
              "topic",
              "dingtianbroker",
              "DingtianRelay7920",
              "I2"
            ],
            "uid": "mqtt:topic:dingtianbroker:DingtianRelay7920:I2"
          },
          "channelTypeUID": {
            "segments": [
              "mqtt",
              "switch"
            ],
            "uid": "mqtt:switch"
          },
          "label": "DingtianRelay7920-I02",
          "description": "",
          "configuration": {
            "properties": {
              "stateTopic": "/dingtian/relay7920/out/i2"
            }
          },
          "properties": {},
          "defaultTags": [],
          "autoUpdatePolicy": "DEFAULT"
        },
        {
          "acceptedItemType": "Switch",
          "kind": "STATE",
          "uid": {
            "segments": [
              "mqtt",
              "topic",
              "dingtianbroker",
              "DingtianRelay7920",
              "I3"
            ],
            "uid": "mqtt:topic:dingtianbroker:DingtianRelay7920:I3"
          },
          "channelTypeUID": {
            "segments": [
              "mqtt",
              "switch"
            ],
            "uid": "mqtt:switch"
          },
          "label": "DingtianRelay7920-I03",
          "description": "",
          "configuration": {
            "properties": {
              "stateTopic": "/dingtian/relay7920/out/i3"
            }
          },
          "properties": {},
          "defaultTags": [],
          "autoUpdatePolicy": "DEFAULT"
        },
        {
          "acceptedItemType": "Switch",
          "kind": "STATE",
          "uid": {
            "segments": [
              "mqtt",
              "topic",
              "dingtianbroker",
              "DingtianRelay7920",
              "I4"
            ],
            "uid": "mqtt:topic:dingtianbroker:DingtianRelay7920:I4"
          },
          "channelTypeUID": {
            "segments": [
              "mqtt",
              "switch"
            ],
            "uid": "mqtt:switch"
          },
          "label": "DingtianRelay7920-I04",
          "description": "",
          "configuration": {
            "properties": {
              "stateTopic": "/dingtian/relay7920/out/i4"
            }
          },
          "properties": {},
          "defaultTags": [],
          "autoUpdatePolicy": "DEFAULT"
        },
        {
          "acceptedItemType": "Switch",
          "kind": "STATE",
          "uid": {
            "segments": [
              "mqtt",
              "topic",
              "dingtianbroker",
              "DingtianRelay7920",
              "I5"
            ],
            "uid": "mqtt:topic:dingtianbroker:DingtianRelay7920:I5"
          },
          "channelTypeUID": {
            "segments": [
              "mqtt",
              "switch"
            ],
            "uid": "mqtt:switch"
          },
          "label": "DingtianRelay7920-I05",
          "description": "",
          "configuration": {
            "properties": {
              "stateTopic": "/dingtian/relay7920/out/i5"
            }
          },
          "properties": {},
          "defaultTags": [],
          "autoUpdatePolicy": "DEFAULT"
        },
        {
          "acceptedItemType": "Switch",
          "kind": "STATE",
          "uid": {
            "segments": [
              "mqtt",
              "topic",
              "dingtianbroker",
              "DingtianRelay7920",
              "I6"
            ],
            "uid": "mqtt:topic:dingtianbroker:DingtianRelay7920:I6"
          },
          "channelTypeUID": {
            "segments": [
              "mqtt",
              "switch"
            ],
            "uid": "mqtt:switch"
          },
          "label": "DingtianRelay7920-I06",
          "description": "",
          "configuration": {
            "properties": {
              "stateTopic": "/dingtian/relay7920/out/i6"
            }
          },
          "properties": {},
          "defaultTags": [],
          "autoUpdatePolicy": "DEFAULT"
        },
        {
          "acceptedItemType": "Switch",
          "kind": "STATE",
          "uid": {
            "segments": [
              "mqtt",
              "topic",
              "dingtianbroker",
              "DingtianRelay7920",
              "I7"
            ],
            "uid": "mqtt:topic:dingtianbroker:DingtianRelay7920:I7"
          },
          "channelTypeUID": {
            "segments": [
              "mqtt",
              "switch"
            ],
            "uid": "mqtt:switch"
          },
          "label": "DingtianRelay7920-I07",
          "description": "",
          "configuration": {
            "properties": {
              "stateTopic": "/dingtian/relay7920/out/i7"
            }
          },
          "properties": {},
          "defaultTags": [],
          "autoUpdatePolicy": "DEFAULT"
        },
        {
          "acceptedItemType": "Switch",
          "kind": "STATE",
          "uid": {
            "segments": [
              "mqtt",
              "topic",
              "dingtianbroker",
              "DingtianRelay7920",
              "I8"
            ],
            "uid": "mqtt:topic:dingtianbroker:DingtianRelay7920:I8"
          },
          "channelTypeUID": {
            "segments": [
              "mqtt",
              "switch"
            ],
            "uid": "mqtt:switch"
          },
          "label": "DingtianRelay7920-I08",
          "description": "",
          "configuration": {
            "properties": {
              "stateTopic": "/dingtian/relay7920/out/i8"
            }
          },
          "properties": {},
          "defaultTags": [],
          "autoUpdatePolicy": "DEFAULT"
        },
        {
          "acceptedItemType": "Switch",
          "kind": "STATE",
          "uid": {
            "segments": [
              "mqtt",
              "topic",
              "dingtianbroker",
              "DingtianRelay7920",
              "I9"
            ],
            "uid": "mqtt:topic:dingtianbroker:DingtianRelay7920:I9"
          },
          "channelTypeUID": {
            "segments": [
              "mqtt",
              "switch"
            ],
            "uid": "mqtt:switch"
          },
          "label": "DingtianRelay7920-I09",
          "description": "",
          "configuration": {
            "properties": {
              "stateTopic": "/dingtian/relay7920/out/i9"
            }
          },
          "properties": {},
          "defaultTags": [],
          "autoUpdatePolicy": "DEFAULT"
        },
        {
          "acceptedItemType": "Switch",
          "kind": "STATE",
          "uid": {
            "segments": [
              "mqtt",
              "topic",
              "dingtianbroker",
              "DingtianRelay7920",
              "I10"
            ],
            "uid": "mqtt:topic:dingtianbroker:DingtianRelay7920:I10"
          },
          "channelTypeUID": {
            "segments": [
              "mqtt",
              "switch"
            ],
            "uid": "mqtt:switch"
          },
          "label": "DingtianRelay7920-I10",
          "description": "",
          "configuration": {
            "properties": {
              "stateTopic": "/dingtian/relay7920/out/i10"
            }
          },
          "properties": {},
          "defaultTags": [],
          "autoUpdatePolicy": "DEFAULT"
        },
        {
          "acceptedItemType": "Switch",
          "kind": "STATE",
          "uid": {
            "segments": [
              "mqtt",
              "topic",
              "dingtianbroker",
              "DingtianRelay7920",
              "I11"
            ],
            "uid": "mqtt:topic:dingtianbroker:DingtianRelay7920:I11"
          },
          "channelTypeUID": {
            "segments": [
              "mqtt",
              "switch"
            ],
            "uid": "mqtt:switch"
          },
          "label": "DingtianRelay7920-I11",
          "description": "",
          "configuration": {
            "properties": {
              "stateTopic": "/dingtian/relay7920/out/i11"
            }
          },
          "properties": {},
          "defaultTags": [],
          "autoUpdatePolicy": "DEFAULT"
        },
        {
          "acceptedItemType": "Switch",
          "kind": "STATE",
          "uid": {
            "segments": [
              "mqtt",
              "topic",
              "dingtianbroker",
              "DingtianRelay7920",
              "I12"
            ],
            "uid": "mqtt:topic:dingtianbroker:DingtianRelay7920:I12"
          },
          "channelTypeUID": {
            "segments": [
              "mqtt",
              "switch"
            ],
            "uid": "mqtt:switch"
          },
          "label": "DingtianRelay7920-I12",
          "description": "",
          "configuration": {
            "properties": {
              "stateTopic": "/dingtian/relay7920/out/i12"
            }
          },
          "properties": {},
          "defaultTags": [],
          "autoUpdatePolicy": "DEFAULT"
        },
        {
          "acceptedItemType": "Switch",
          "kind": "STATE",
          "uid": {
            "segments": [
              "mqtt",
              "topic",
              "dingtianbroker",
              "DingtianRelay7920",
              "I13"
            ],
            "uid": "mqtt:topic:dingtianbroker:DingtianRelay7920:I13"
          },
          "channelTypeUID": {
            "segments": [
              "mqtt",
              "switch"
            ],
            "uid": "mqtt:switch"
          },
          "label": "DingtianRelay7920-I13",
          "description": "",
          "configuration": {
            "properties": {
              "stateTopic": "/dingtian/relay7920/out/i13"
            }
          },
          "properties": {},
          "defaultTags": [],
          "autoUpdatePolicy": "DEFAULT"
        },
        {
          "acceptedItemType": "Switch",
          "kind": "STATE",
          "uid": {
            "segments": [
              "mqtt",
              "topic",
              "dingtianbroker",
              "DingtianRelay7920",
              "I14"
            ],
            "uid": "mqtt:topic:dingtianbroker:DingtianRelay7920:I14"
          },
          "channelTypeUID": {
            "segments": [
              "mqtt",
              "switch"
            ],
            "uid": "mqtt:switch"
          },
          "label": "DingtianRelay7920-I14",
          "description": "",
          "configuration": {
            "properties": {
              "stateTopic": "/dingtian/relay7920/out/i14"
            }
          },
          "properties": {},
          "defaultTags": [],
          "autoUpdatePolicy": "DEFAULT"
        },
        {
          "acceptedItemType": "Switch",
          "kind": "STATE",
          "uid": {
            "segments": [
              "mqtt",
              "topic",
              "dingtianbroker",
              "DingtianRelay7920",
              "I15"
            ],
            "uid": "mqtt:topic:dingtianbroker:DingtianRelay7920:I15"
          },
          "channelTypeUID": {
            "segments": [
              "mqtt",
              "switch"
            ],
            "uid": "mqtt:switch"
          },
          "label": "DingtianRelay7920-I15",
          "description": "",
          "configuration": {
            "properties": {
              "stateTopic": "/dingtian/relay7920/out/i15"
            }
          },
          "properties": {},
          "defaultTags": [],
          "autoUpdatePolicy": "DEFAULT"
        },
        {
          "acceptedItemType": "Switch",
          "kind": "STATE",
          "uid": {
            "segments": [
              "mqtt",
              "topic",
              "dingtianbroker",
              "DingtianRelay7920",
              "I16"
            ],
            "uid": "mqtt:topic:dingtianbroker:DingtianRelay7920:I16"
          },
          "channelTypeUID": {
            "segments": [
              "mqtt",
              "switch"
            ],
            "uid": "mqtt:switch"
          },
          "label": "DingtianRelay7920-I16",
          "description": "",
          "configuration": {
            "properties": {
              "stateTopic": "/dingtian/relay7920/out/i16"
            }
          },
          "properties": {},
          "defaultTags": [],
          "autoUpdatePolicy": "DEFAULT"
        },
        {
          "acceptedItemType": "Switch",
          "kind": "STATE",
          "uid": {
            "segments": [
              "mqtt",
              "topic",
              "dingtianbroker",
              "DingtianRelay7920",
              "I17"
            ],
            "uid": "mqtt:topic:dingtianbroker:DingtianRelay7920:I17"
          },
          "channelTypeUID": {
            "segments": [
              "mqtt",
              "switch"
            ],
            "uid": "mqtt:switch"
          },
          "label": "DingtianRelay7920-I17",
          "description": "",
          "configuration": {
            "properties": {
              "stateTopic": "/dingtian/relay7920/out/i17"
            }
          },
          "properties": {},
          "defaultTags": [],
          "autoUpdatePolicy": "DEFAULT"
        },
        {
          "acceptedItemType": "Switch",
          "kind": "STATE",
          "uid": {
            "segments": [
              "mqtt",
              "topic",
              "dingtianbroker",
              "DingtianRelay7920",
              "I18"
            ],
            "uid": "mqtt:topic:dingtianbroker:DingtianRelay7920:I18"
          },
          "channelTypeUID": {
            "segments": [
              "mqtt",
              "switch"
            ],
            "uid": "mqtt:switch"
          },
          "label": "DingtianRelay7920-I18",
          "description": "",
          "configuration": {
            "properties": {
              "stateTopic": "/dingtian/relay7920/out/i18"
            }
          },
          "properties": {},
          "defaultTags": [],
          "autoUpdatePolicy": "DEFAULT"
        },
        {
          "acceptedItemType": "Switch",
          "kind": "STATE",
          "uid": {
            "segments": [
              "mqtt",
              "topic",
              "dingtianbroker",
              "DingtianRelay7920",
              "I19"
            ],
            "uid": "mqtt:topic:dingtianbroker:DingtianRelay7920:I19"
          },
          "channelTypeUID": {
            "segments": [
              "mqtt",
              "switch"
            ],
            "uid": "mqtt:switch"
          },
          "label": "DingtianRelay7920-I19",
          "description": "",
          "configuration": {
            "properties": {
              "stateTopic": "/dingtian/relay7920/out/i19"
            }
          },
          "properties": {},
          "defaultTags": [],
          "autoUpdatePolicy": "DEFAULT"
        },
        {
          "acceptedItemType": "Switch",
          "kind": "STATE",
          "uid": {
            "segments": [
              "mqtt",
              "topic",
              "dingtianbroker",
              "DingtianRelay7920",
              "I20"
            ],
            "uid": "mqtt:topic:dingtianbroker:DingtianRelay7920:I20"
          },
          "channelTypeUID": {
            "segments": [
              "mqtt",
              "switch"
            ],
            "uid": "mqtt:switch"
          },
          "label": "DingtianRelay7920-I20",
          "description": "",
          "configuration": {
            "properties": {
              "stateTopic": "/dingtian/relay7920/out/i20"
            }
          },
          "properties": {},
          "defaultTags": [],
          "autoUpdatePolicy": "DEFAULT"
        },
        {
          "acceptedItemType": "Switch",
          "kind": "STATE",
          "uid": {
            "segments": [
              "mqtt",
              "topic",
              "dingtianbroker",
              "DingtianRelay7920",
              "I21"
            ],
            "uid": "mqtt:topic:dingtianbroker:DingtianRelay7920:I21"
          },
          "channelTypeUID": {
            "segments": [
              "mqtt",
              "switch"
            ],
            "uid": "mqtt:switch"
          },
          "label": "DingtianRelay7920-I21",
          "description": "",
          "configuration": {
            "properties": {
              "stateTopic": "/dingtian/relay7920/out/i21"
            }
          },
          "properties": {},
          "defaultTags": [],
          "autoUpdatePolicy": "DEFAULT"
        },
        {
          "acceptedItemType": "Switch",
          "kind": "STATE",
          "uid": {
            "segments": [
              "mqtt",
              "topic",
              "dingtianbroker",
              "DingtianRelay7920",
              "I22"
            ],
            "uid": "mqtt:topic:dingtianbroker:DingtianRelay7920:I22"
          },
          "channelTypeUID": {
            "segments": [
              "mqtt",
              "switch"
            ],
            "uid": "mqtt:switch"
          },
          "label": "DingtianRelay7920-I22",
          "description": "",
          "configuration": {
            "properties": {
              "stateTopic": "/dingtian/relay7920/out/i22"
            }
          },
          "properties": {},
          "defaultTags": [],
          "autoUpdatePolicy": "DEFAULT"
        },
        {
          "acceptedItemType": "Switch",
          "kind": "STATE",
          "uid": {
            "segments": [
              "mqtt",
              "topic",
              "dingtianbroker",
              "DingtianRelay7920",
              "I23"
            ],
            "uid": "mqtt:topic:dingtianbroker:DingtianRelay7920:I23"
          },
          "channelTypeUID": {
            "segments": [
              "mqtt",
              "switch"
            ],
            "uid": "mqtt:switch"
          },
          "label": "DingtianRelay7920-I23",
          "description": "",
          "configuration": {
            "properties": {
              "stateTopic": "/dingtian/relay7920/out/i23"
            }
          },
          "properties": {},
          "defaultTags": [],
          "autoUpdatePolicy": "DEFAULT"
        },
        {
          "acceptedItemType": "Switch",
          "kind": "STATE",
          "uid": {
            "segments": [
              "mqtt",
              "topic",
              "dingtianbroker",
              "DingtianRelay7920",
              "I24"
            ],
            "uid": "mqtt:topic:dingtianbroker:DingtianRelay7920:I24"
          },
          "channelTypeUID": {
            "segments": [
              "mqtt",
              "switch"
            ],
            "uid": "mqtt:switch"
          },
          "label": "DingtianRelay7920-I24",
          "description": "",
          "configuration": {
            "properties": {
              "stateTopic": "/dingtian/relay7920/out/i24"
            }
          },
          "properties": {},
          "defaultTags": [],
          "autoUpdatePolicy": "DEFAULT"
        },
        {
          "acceptedItemType": "Switch",
          "kind": "STATE",
          "uid": {
            "segments": [
              "mqtt",
              "topic",
              "dingtianbroker",
              "DingtianRelay7920",
              "I25"
            ],
            "uid": "mqtt:topic:dingtianbroker:DingtianRelay7920:I25"
          },
          "channelTypeUID": {
            "segments": [
              "mqtt",
              "switch"
            ],
            "uid": "mqtt:switch"
          },
          "label": "DingtianRelay7920-I25",
          "description": "",
          "configuration": {
            "properties": {
              "stateTopic": "/dingtian/relay7920/out/i25"
            }
          },
          "properties": {},
          "defaultTags": [],
          "autoUpdatePolicy": "DEFAULT"
        },
        {
          "acceptedItemType": "Switch",
          "kind": "STATE",
          "uid": {
            "segments": [
              "mqtt",
              "topic",
              "dingtianbroker",
              "DingtianRelay7920",
              "I26"
            ],
            "uid": "mqtt:topic:dingtianbroker:DingtianRelay7920:I26"
          },
          "channelTypeUID": {
            "segments": [
              "mqtt",
              "switch"
            ],
            "uid": "mqtt:switch"
          },
          "label": "DingtianRelay7920-I26",
          "description": "",
          "configuration": {
            "properties": {
              "stateTopic": "/dingtian/relay7920/out/i26"
            }
          },
          "properties": {},
          "defaultTags": [],
          "autoUpdatePolicy": "DEFAULT"
        },
        {
          "acceptedItemType": "Switch",
          "kind": "STATE",
          "uid": {
            "segments": [
              "mqtt",
              "topic",
              "dingtianbroker",
              "DingtianRelay7920",
              "I27"
            ],
            "uid": "mqtt:topic:dingtianbroker:DingtianRelay7920:I27"
          },
          "channelTypeUID": {
            "segments": [
              "mqtt",
              "switch"
            ],
            "uid": "mqtt:switch"
          },
          "label": "DingtianRelay7920-I27",
          "description": "",
          "configuration": {
            "properties": {
              "stateTopic": "/dingtian/relay7920/out/i27"
            }
          },
          "properties": {},
          "defaultTags": [],
          "autoUpdatePolicy": "DEFAULT"
        },
        {
          "acceptedItemType": "Switch",
          "kind": "STATE",
          "uid": {
            "segments": [
              "mqtt",
              "topic",
              "dingtianbroker",
              "DingtianRelay7920",
              "I28"
            ],
            "uid": "mqtt:topic:dingtianbroker:DingtianRelay7920:I28"
          },
          "channelTypeUID": {
            "segments": [
              "mqtt",
              "switch"
            ],
            "uid": "mqtt:switch"
          },
          "label": "DingtianRelay7920-I28",
          "description": "",
          "configuration": {
            "properties": {
              "stateTopic": "/dingtian/relay7920/out/i28"
            }
          },
          "properties": {},
          "defaultTags": [],
          "autoUpdatePolicy": "DEFAULT"
        },
        {
          "acceptedItemType": "Switch",
          "kind": "STATE",
          "uid": {
            "segments": [
              "mqtt",
              "topic",
              "dingtianbroker",
              "DingtianRelay7920",
              "I29"
            ],
            "uid": "mqtt:topic:dingtianbroker:DingtianRelay7920:I29"
          },
          "channelTypeUID": {
            "segments": [
              "mqtt",
              "switch"
            ],
            "uid": "mqtt:switch"
          },
          "label": "DingtianRelay7920-I29",
          "description": "",
          "configuration": {
            "properties": {
              "stateTopic": "/dingtian/relay7920/out/i29"
            }
          },
          "properties": {},
          "defaultTags": [],
          "autoUpdatePolicy": "DEFAULT"
        },
        {
          "acceptedItemType": "Switch",
          "kind": "STATE",
          "uid": {
            "segments": [
              "mqtt",
              "topic",
              "dingtianbroker",
              "DingtianRelay7920",
              "I30"
            ],
            "uid": "mqtt:topic:dingtianbroker:DingtianRelay7920:I30"
          },
          "channelTypeUID": {
            "segments": [
              "mqtt",
              "switch"
            ],
            "uid": "mqtt:switch"
          },
          "label": "DingtianRelay7920-I30",
          "description": "",
          "configuration": {
            "properties": {
              "stateTopic": "/dingtian/relay7920/out/i30"
            }
          },
          "properties": {},
          "defaultTags": [],
          "autoUpdatePolicy": "DEFAULT"
        },
        {
          "acceptedItemType": "Switch",
          "kind": "STATE",
          "uid": {
            "segments": [
              "mqtt",
              "topic",
              "dingtianbroker",
              "DingtianRelay7920",
              "I31"
            ],
            "uid": "mqtt:topic:dingtianbroker:DingtianRelay7920:I31"
          },
          "channelTypeUID": {
            "segments": [
              "mqtt",
              "switch"
            ],
            "uid": "mqtt:switch"
          },
          "label": "DingtianRelay7920-I31",
          "description": "",
          "configuration": {
            "properties": {
              "stateTopic": "/dingtian/relay7920/out/i31"
            }
          },
          "properties": {},
          "defaultTags": [],
          "autoUpdatePolicy": "DEFAULT"
        },
        {
          "acceptedItemType": "Switch",
          "kind": "STATE",
          "uid": {
            "segments": [
              "mqtt",
              "topic",
              "dingtianbroker",
              "DingtianRelay7920",
              "I32"
            ],
            "uid": "mqtt:topic:dingtianbroker:DingtianRelay7920:I32"
          },
          "channelTypeUID": {
            "segments": [
              "mqtt",
              "switch"
            ],
            "uid": "mqtt:switch"
          },
          "label": "DingtianRelay7920-I32",
          "description": "",
          "configuration": {
            "properties": {
              "stateTopic": "/dingtian/relay7920/out/i32"
            }
          },
          "properties": {},
          "defaultTags": [],
          "autoUpdatePolicy": "DEFAULT"
        }
      ],
      "configuration": {
        "properties": {
          "availabilityTopic": "/dingtian/relay7920/out/lwt_availability",
          "payloadAvailable": "online",
          "payloadNotAvailable": "offline"
        }
      },
      "properties": {},
      "uid": {
        "segments": [
          "mqtt",
          "topic",
          "dingtianbroker",
          "DingtianRelay7920"
        ],
        "uid": "mqtt:topic:dingtianbroker:DingtianRelay7920"
      },
      "thingTypeUID": {
        "segments": [
          "mqtt",
          "topic"
        ],
        "uid": "mqtt:topic"
      }
    }
  }
}