{
  "DingtianRelay7920I1 -\u003e mqtt:topic:dingtianbroker:DingtianRelay7920:I1": {
    "class": "org.openhab.core.thing.link.ItemChannelLink",
    "value": {
      "channelUID": {
        "segments": [
          "mqtt",
          "topic",
          "dingtianbroker",
          "DingtianRelay7920",
          "I1"
        ],
        "uid": "mqtt:topic:dingtianbroker:DingtianRelay7920:I1"
      },
      "configuration": {
        "properties": {}
      },
      "itemName": "DingtianRelay7920I1"
    }
  },
  "DingtianRelay7920I2 -\u003e mqtt:topic:dingtianbroker:DingtianRelay7920:I2": {
    "class": "org.openhab.core.thing.link.ItemChannelLink",
    "value": {
      "channelUID": {
        "segments": [
          "mqtt",
          "topic",
          "dingtianbroker",
          "DingtianRelay7920",
          "I2"
        ],
        "uid": "mqtt:topic:dingtianbroker:DingtianRelay7920:I2"
      },
      "configuration": {
        "properties": {}
      },
      "itemName": "DingtianRelay7920I2"
    }
  },
  "DingtianRelay7920I3 -\u003e mqtt:topic:dingtianbroker:DingtianRelay7920:I3": {
    "class": "org.openhab.core.thing.link.ItemChannelLink",
    "value": {
      "channelUID": {
        "segments": [
          "mqtt",
          "topic",
          "dingtianbroker",
          "DingtianRelay7920",
          "I3"
        ],
        "uid": "mqtt:topic:dingtianbroker:DingtianRelay7920:I3"
      },
      "configuration": {
        "properties": {}
      },
      "itemName": "DingtianRelay7920I3"
    }
  },
  "DingtianRelay7920I4 -\u003e mqtt:topic:dingtianbroker:DingtianRelay7920:I4": {
    "class": "org.openhab.core.thing.link.ItemChannelLink",
    "value": {
      "channelUID": {
        "segments": [
          "mqtt",
          "topic",
          "dingtianbroker",
          "DingtianRelay7920",
          "I4"
        ],
        "uid": "mqtt:topic:dingtianbroker:DingtianRelay7920:I4"
      },
      "configuration": {
        "properties": {}
      },
      "itemName": "DingtianRelay7920I4"
    }
  },
  "DingtianRelay7920I5 -\u003e mqtt:topic:dingtianbroker:DingtianRelay7920:I5": {
    "class": "org.openhab.core.thing.link.ItemChannelLink",
    "value": {
      "channelUID": {
        "segments": [
          "mqtt",
          "topic",
          "dingtianbroker",
          "DingtianRelay7920",
          "I5"
        ],
        "uid": "mqtt:topic:dingtianbroker:DingtianRelay7920:I5"
      },
      "configuration": {
        "properties": {}
      },
      "itemName": "DingtianRelay7920I5"
    }
  },
  "DingtianRelay7920I6 -\u003e mqtt:topic:dingtianbroker:DingtianRelay7920:I6": {
    "class": "org.openhab.core.thing.link.ItemChannelLink",
    "value": {
      "channelUID": {
        "segments": [
          "mqtt",
          "topic",
          "dingtianbroker",
          "DingtianRelay7920",
          "I6"
        ],
        "uid": "mqtt:topic:dingtianbroker:DingtianRelay7920:I6"
      },
      "configuration": {
        "properties": {}
      },
      "itemName": "DingtianRelay7920I6"
    }
  },
  "DingtianRelay7920I7 -\u003e mqtt:topic:dingtianbroker:DingtianRelay7920:I7": {
    "class": "org.openhab.core.thing.link.ItemChannelLink",
    "value": {
      "channelUID": {
        "segments": [
          "mqtt",
          "topic",
          "dingtianbroker",
          "DingtianRelay7920",
          "I7"
        ],
        "uid": "mqtt:topic:dingtianbroker:DingtianRelay7920:I7"
      },
      "configuration": {
        "properties": {}
      },
      "itemName": "DingtianRelay7920I7"
    }
  },
  "DingtianRelay7920I8 -\u003e mqtt:topic:dingtianbroker:DingtianRelay7920:I8": {
    "class": "org.openhab.core.thing.link.ItemChannelLink",
    "value": {
      "channelUID": {
        "segments": [
          "mqtt",
          "topic",
          "dingtianbroker",
          "DingtianRelay7920",
          "I8"
        ],
        "uid": "mqtt:topic:dingtianbroker:DingtianRelay7920:I8"
      },
      "configuration": {
        "properties": {}
      },
      "itemName": "DingtianRelay7920I8"
    }
  },
  "DingtianRelay7920R1 -\u003e mqtt:topic:dingtianbroker:DingtianRelay7920:R1": {
    "class": "org.openhab.core.thing.link.ItemChannelLink",
    "value": {
      "channelUID": {
        "segments": [
          "mqtt",
          "topic",
          "dingtianbroker",
          "DingtianRelay7920",
          "R1"
        ],
        "uid": "mqtt:topic:dingtianbroker:DingtianRelay7920:R1"
      },
      "configuration": {
        "properties": {}
      },
      "itemName": "DingtianRelay7920R1"
    }
  },
  "DingtianRelay7920R2 -\u003e mqtt:topic:dingtianbroker:DingtianRelay7920:R2": {
    "class": "org.openhab.core.thing.link.ItemChannelLink",
    "value": {
      "channelUID": {
        "segments": [
          "mqtt",
          "topic",
          "dingtianbroker",
          "DingtianRelay7920",
          "R2"
        ],
        "uid": "mqtt:topic:dingtianbroker:DingtianRelay7920:R2"
      },
      "configuration": {
        "properties": {}
      },
      "itemName": "DingtianRelay7920R2"
    }
  },
  "DingtianRelay7920R3 -\u003e mqtt:topic:dingtianbroker:DingtianRelay7920:R3": {
    "class": "org.openhab.core.thing.link.ItemChannelLink",
    "value": {
      "channelUID": {
        "segments": [
          "mqtt",
          "topic",
          "dingtianbroker",
          "DingtianRelay7920",
          "R3"
        ],
        "uid": "mqtt:topic:dingtianbroker:DingtianRelay7920:R3"
      },
      "configuration": {
        "properties": {}
      },
      "itemName": "DingtianRelay7920R3"
    }
  },
  "DingtianRelay7920R4 -\u003e mqtt:topic:dingtianbroker:DingtianRelay7920:R4": {
    "class": "org.openhab.core.thing.link.ItemChannelLink",
    "value": {
      "channelUID": {
        "segments": [
          "mqtt",
          "topic",
          "dingtianbroker",
          "DingtianRelay7920",
          "R4"
        ],
        "uid": "mqtt:topic:dingtianbroker:DingtianRelay7920:R4"
      },
      "configuration": {
        "properties": {}
      },
      "itemName": "DingtianRelay7920R4"
    }
  },
  "DingtianRelay7920R5 -\u003e mqtt:topic:dingtianbroker:DingtianRelay7920:R5": {
    "class": "org.openhab.core.thing.link.ItemChannelLink",
    "value": {
      "channelUID": {
        "segments": [
          "mqtt",
          "topic",
          "dingtianbroker",
          "DingtianRelay7920",
          "R5"
        ],
        "uid": "mqtt:topic:dingtianbroker:DingtianRelay7920:R5"
      },
      "configuration": {
        "properties": {}
      },
      "itemName": "DingtianRelay7920R5"
    }
  },
  "DingtianRelay7920R6 -\u003e mqtt:topic:dingtianbroker:DingtianRelay7920:R6": {
    "class": "org.openhab.core.thing.link.ItemChannelLink",
    "value": {
      "channelUID": {
        "segments": [
          "mqtt",
          "topic",
          "dingtianbroker",
          "DingtianRelay7920",
          "R6"
        ],
        "uid": "mqtt:topic:dingtianbroker:DingtianRelay7920:R6"
      },
      "configuration": {
        "properties": {}
      },
      "itemName": "DingtianRelay7920R6"
    }
  },
  "DingtianRelay7920R7 -\u003e mqtt:topic:dingtianbroker:DingtianRelay7920:R7": {
    "class": "org.openhab.core.thing.link.ItemChannelLink",
    "value": {
      "channelUID": {
        "segments": [
          "mqtt",
          "topic",
          "dingtianbroker",
          "DingtianRelay7920",
          "R7"
        ],
        "uid": "mqtt:topic:dingtianbroker:DingtianRelay7920:R7"
      },
      "configuration": {
        "properties": {}
      },
      "itemName": "DingtianRelay7920R7"
    }
  },
  "DingtianRelay7920R8 -\u003e mqtt:topic:dingtianbroker:DingtianRelay7920:R8": {
    "class": "org.openhab.core.thing.link.ItemChannelLink",
    "value": {
      "channelUID": {
        "segments": [
          "mqtt",
          "topic",
          "dingtianbroker",
          "DingtianRelay7920",
          "R8"
        ],
        "uid": "mqtt:topic:dingtianbroker:DingtianRelay7920:R8"
      },
      "configuration": {
        "properties": {}
      },
      "itemName": "DingtianRelay7920R8"
    }
  }
}