{
  "DingtianRelay7920I1": {
    "class": "org.openhab.core.items.ManagedItemProvider$PersistedItem",
    "value": {
      "groupNames": [],
      "itemType": "Switch",
      "tags": [
        "Point"
      ],
      "label": "DingtianRelay7920-I1",
      "category": ""
    }
  },
  "DingtianRelay7920I2": {
    "class": "org.openhab.core.items.ManagedItemProvider$PersistedItem",
    "value": {
      "groupNames": [],
      "itemType": "Switch",
      "tags": [
        "Point"
      ],
      "label": "DingtianRelay7920-I2",
      "category": ""
    }
  },
  "DingtianRelay7920I3": {
    "class": "org.openhab.core.items.ManagedItemProvider$PersistedItem",
    "value": {
      "groupNames": [],
      "itemType": "Switch",
      "tags": [
        "Point"
      ],
      "label": "DingtianRelay7920-I3",
      "category": ""
    }
  },
  "DingtianRelay7920I4": {
    "class": "org.openhab.core.items.ManagedItemProvider$PersistedItem",
    "value": {
      "groupNames": [],
      "itemType": "Switch",
      "tags": [
        "Point"
      ],
      "label": "DingtianRelay7920-I4",
      "category": ""
    }
  },
  "DingtianRelay7920I5": {
    "class": "org.openhab.core.items.ManagedItemProvider$PersistedItem",
    "value": {
      "groupNames": [],
      "itemType": "Switch",
      "tags": [
        "Point"
      ],
      "label": "DingtianRelay7920-I5",
      "category": ""
    }
  },
  "DingtianRelay7920I6": {
    "class": "org.openhab.core.items.ManagedItemProvider$PersistedItem",
    "value": {
      "groupNames": [],
      "itemType": "Switch",
      "tags": [
        "Point"
      ],
      "label": "DingtianRelay7920-I6",
      "category": ""
    }
  },
  "DingtianRelay7920I7": {
    "class": "org.openhab.core.items.ManagedItemProvider$PersistedItem",
    "value": {
      "groupNames": [],
      "itemType": "Switch",
      "tags": [
        "Point"
      ],
      "label": "DingtianRelay7920-I7",
      "category": ""
    }
  },
  "DingtianRelay7920I8": {
    "class": "org.openhab.core.items.ManagedItemProvider$PersistedItem",
    "value": {
      "groupNames": [],
      "itemType": "Switch",
      "tags": [
        "Point"
      ],
      "label": "DingtianRelay7920-I8",
      "category": ""
    }
  },
  "DingtianRelay7920R1": {
    "class": "org.openhab.core.items.ManagedItemProvider$PersistedItem",
    "value": {
      "groupNames": [],
      "itemType": "Switch",
      "tags": [
        "Point"
      ],
      "label": "DingtianRelay7920-R1",
      "category": ""
    }
  },
  "DingtianRelay7920R2": {
    "class": "org.openhab.core.items.ManagedItemProvider$PersistedItem",
    "value": {
      "groupNames": [],
      "itemType": "Switch",
      "tags": [
        "Point"
      ],
      "label": "DingtianRelay7920-R2",
      "category": ""
    }
  },
  "DingtianRelay7920R3": {
    "class": "org.openhab.core.items.ManagedItemProvider$PersistedItem",
    "value": {
      "groupNames": [],
      "itemType": "Switch",
      "tags": [
        "Point"
      ],
      "label": "DingtianRelay7920-R3",
      "category": ""
    }
  },
  "DingtianRelay7920R4": {
    "class": "org.openhab.core.items.ManagedItemProvider$PersistedItem",
    "value": {
      "groupNames": [],
      "itemType": "Switch",
      "tags": [
        "Point"
      ],
      "label": "DingtianRelay7920-R4",
      "category": ""
    }
  },
  "DingtianRelay7920R5": {
    "class": "org.openhab.core.items.ManagedItemProvider$PersistedItem",
    "value": {
      "groupNames": [],
      "itemType": "Switch",
      "tags": [
        "Point"
      ],
      "label": "DingtianRelay7920-R5",
      "category": ""
    }
  },
  "DingtianRelay7920R6": {
    "class": "org.openhab.core.items.ManagedItemProvider$PersistedItem",
    "value": {
      "groupNames": [],
      "itemType": "Switch",
      "tags": [
        "Point"
      ],
      "label": "DingtianRelay7920-R6",
      "category": ""
    }
  },
  "DingtianRelay7920R7": {
    "class": "org.openhab.core.items.ManagedItemProvider$PersistedItem",
    "value": {
      "groupNames": [],
      "itemType": "Switch",
      "tags": [
        "Point"
      ],
      "label": "DingtianRelay7920-R7",
      "category": ""
    }
  },
  "DingtianRelay7920R8": {
    "class": "org.openhab.core.items.ManagedItemProvider$PersistedItem",
    "value": {
      "groupNames": [],
      "itemType": "Switch",
      "tags": [
        "Point"
      ],
      "label": "DingtianRelay7920-R8",
      "category": ""
    }
  }
}